place_id;firma;ort;plz;ring;ma_proxy;tariff;inhaber_am_telefon;entscheider;rolle;mail;telefon;website;rating;reviews;icp_score;tier;signale;status;letzter_kontakt;naechster_schritt;naechster_am;notiz
ChIJT16E2MyomkcRSlf7SQy8NYY;MPM Haustechnik GmbH;Horgen;8810;0;2;Solo (950);ja;;Inhaber;;043 244 07 34;;5;4;9;HOT;"Trust 3: 5★ × 4 Reviews — etwas Proof; Gap 5: keine Website";neu;;;;
ChIJd_ICeL6omkcRG3hSs8_a5KU;Walter Leuthold Sanitäre Anlagen;Oberrieden;8942;0;1;Solo (950);ja;Walter Leuthold;Inhaber;;044 720 16 90;http://www.walter-leuthold.ch/;4.9;44;8;HOT;"Trust 5: 4.9★ × 44 Reviews — starker Proof; Gap 2: hat Websi";neu;;;;
ChIJARsvDdOnmkcRixb9wwfxFfs;Widmer Sanitäre Anlagen GmbH;Thalwil;8800;0;4;Premium (2000);ja;René Widmer;Inhaber;rene.widmer@sanitaer-widmer.ch;044 720 06 14;https://www.sanitaer-widmer.ch/;4.6;20;8;HOT;"angereichert(llm-text) · Trust 5: 4.6★ × 20 Reviews — starker Proof; Gap 2: hat Websi";neu;;;;
ChIJO_cp_GavmkcRqseLPf8Gnr0;Girojet AG - Bodenheizungsreinigung;Horgen;8810;0;5;Premium (2000);?;;;;043 810 99 22;https://www.girojet.ch/;4.9;57;8;HOT;"angereichert(vision) · Trust 5: 4.9★ × 57 Reviews — starker Proof; Gap 2: hat Websi";neu;;;;
ChIJ_Zab_B-vmkcRamjQMqaYqIQ;Alarmstelle für Heizung & Sanitär. HEiZEN24 AG;Horgen;8810;0;klein?;TBD (Crawl);?;;;;0840 024 024;;4;1;8;HOT;"Trust 2: 1 Reviews — existiert digital; Gap 5: keine Website";neu;;;;
ChIJ8-sN1MyomkcRKliu4KI4Ph8;Leins AG;Horgen;8810;0;11;Premium (2000);teils;Michael Leins;GL Sanitär & Heizung;michael.leins@leinsag.ch;043 244 66 55;http://www.leinsag.ch/;5;9;7;HOT;"angereichert(llm-text) · Trust 4: 5★ × 9 Reviews — solider Proof; Gap 2: hat Website ";neu;;;;
ChIJCfMmTOiumkcRjJb81OvOgo0;Vivarte by Schaub Haustechnik AG;Horgen;8810;0;1;Solo (950);ja;;;;044 718 20 10;http://www.vivarte-service.ch/;4;8;7;HOT;"⚠ Gewerk prüfen · angereichert(vision) · Trust 4: 4★ × 8 Reviews — solider Proof; Gap 2: hat Website ";neu;;;;
ChIJ9cGkacGomkcRqcijNDiM_lE;Altner AG;Horgen;8810;0;6;Premium (2000);?;;;;043 244 10 00;http://www.altner.ch/;4.8;9;7;HOT;"angereichert(vision) · Trust 4: 4.8★ × 9 Reviews — solider Proof; Gap 2: hat Websit";neu;;;;
ChIJ1SPi7ySvmkcR-HM0-gw2FWg;Scherrer Bau AG;Horgen;8810;0;klein?;TBD (Crawl);?;;;;044 725 98 02;http://www.scherrer-umbau.ch/;4.8;5;7;HOT;"⚠ Gewerk prüfen · Trust 4: 4.8★ × 5 Reviews — solider Proof; Gap 2: hat Websit";neu;;;;
ChIJM1nmzs2nmkcReRKdkgXZIbA;Massaro Bau AG;Oberrieden;8942;0;klein?;TBD (Crawl);?;;;;044 720 64 15;https://www.massaro.ch/;4.4;7;7;HOT;"⚠ Gewerk prüfen · Trust 4: 4.4★ × 7 Reviews — solider Proof; Gap 2: hat Websit";neu;;;;
ChIJLTUsDeypmkcR-aJXyiPbNBU;Bardia GmbH;Horgen;8810;0;1;Solo (950);ja;;;bardiaservice@outlook.com;079 152 80 25;https://www.bardia.ch/;4.9;9;7;HOT;"⚠ Gewerk prüfen · angereichert(llm-text) · Trust 4: 4.9★ × 9 Reviews — solider Proof; Gap 2: hat Websit";neu;;;;
ChIJlUb94tepmkcRiR2bbFAuCjg;s3 GmbH - Energieberatung und HLKS-Planung;Horgen;8810;0;klein?;TBD (Crawl);?;;;;044 244 46 44;https://s3-engineering.ch/de;5;7;7;HOT;"⚠ Gewerk prüfen · Trust 4: 5★ × 7 Reviews — solider Proof; Gap 2: hat Website ";neu;;;;
ChIJvZlgLDOvmkcRm5NGtGM6Vqk;Orlandini Sanitär Heizung GmbH;Horgen;8810;0;8;Premium (2000);nein;Anastasia Orlandini;Büro/GL;;044 725 41 44;http://www.orlandini.ch/;3.8;28;6;WARM;"Büro besetzt → softer Fit; 3.8★ · Trust 3: 3.8★ × 28 Reviews — etwas Proof; Gap 2: hat Website";neu;;;;
ChIJD1tMA82omkcRyW8DLW3FYuA;AZ-Gebäudetechnik AG;Horgen;8810;0;9;Premium (2000);nein;;;;044 915 88 88;http://www.az-gebaeudetechnik.ch/;5;4;6;WARM;"angereichert(vision) · Trust 3: 5★ × 4 Reviews — etwas Proof; Gap 2: hat Website (Q";neu;;;;
ChIJ6dXjrHmvmkcR4wCUQzcpYyU;Schaub Haustechnik;Horgen;8810;0;10;Premium (2000);teils;Bünyamin Kökden;GL/PL;;044 718 20 20;https://www.schaub-haustechnik.ch/;4.3;4;6;WARM;"Trust 3: 4.3★ × 4 Reviews — etwas Proof; Gap 2: hat Website ";neu;;;;
ChIJjbcbs_KpmkcRohR2akL0WOI;Dörfler AG;Oberrieden;8942;0;5;Premium (2000);ja;Ramon Dörfler;GL Sanitär;;043 443 52 00;http://www.doerflerag.ch/;4.7;3;6;WARM;"Trust 3: 4.7★ × 3 Reviews — etwas Proof; Gap 2: hat Website ";neu;;;;
ChIJj3NPb8uomkcRLcf4mSSm-7c;Widmer H. & Co. AG;Horgen;8810;0;klein?;TBD (Crawl);?;;;;044 725 47 00;http://www.widmer-sanitaer.ch/;5;1;5;WARM;"Trust 2: 1 Reviews — existiert digital; Gap 2: hat Website (";neu;;;;
ChIJMeQ4OsmomkcR0PYIouSJwb8;VIVARTE Service;Horgen;8810;0;klein?;TBD (Crawl);?;;;;044 718 21 33;http://www.vivarte-service.ch/;4.5;2;5;WARM;"Trust 2: 2 Reviews — existiert digital; Gap 2: hat Website (";neu;;;;
ChIJq6oe6tKomkcRNFs6snpU8gI;Schaub Sanitär und Heizungstechnik GmbH;Horgen;8810;0;klein?;TBD (Crawl);?;;;;044 726 29 03;http://www.ssht.ch/;2.7;9;5;WARM;"Trust 2: 9 Reviews — existiert digital; Gap 2: hat Website (";neu;;;;
ChIJ__8vqs2omkcRRnjWUnLI8Ac;Benzenhofer Heizungen AG;Horgen;8810;0;3;Solo (950);ja;Christian Benzenhofer;Inhaber;;079 458 73 68;https://benzenhofer-heizungen.digitalone.site/;;;5;WARM;"Trust 1: auf Maps, aber 0 Reviews; Gap 3: Baukasten-Website";neu;;;;
ChIJAW4ewtOnmkcRNc3YaVOKC74;Beeler Haustechnik;Thalwil;8800;0;4;Premium (2000);ja;Patrik Beeler;Inhaber;;044 722 12 03;http://www.beeler-haustechnik.ch/;5;1;5;WARM;"SSL kaputt → Sonderfall · Trust 2: 1 Reviews — existiert digital; Gap 2: hat Website (";neu;;;;
ChIJS6RvMB4LkEcRT5dehmBIgWI;LM Bau und Renovationen GmbH;Thalwil;8800;0;klein?;TBD (Crawl);?;;;;044 724 13 10;http://www.lm-bau-renovationen.ch/;5;1;5;WARM;"⚠ Gewerk prüfen · Trust 2: 1 Reviews — existiert digital; Gap 2: hat Website (";neu;;;;
ChIJeejhaMmomkcRCXW6n_6YFn4;Fust Küchen und Badezimmer | Ausstellung Horgen;Horgen;8810;0;?;TBD (Crawl);?;;;;044 718 17 67;https://kuechen-baeder.fust.ch/standort/kuechenausstellung-und-badausstellung-hinwil/;4.1;22;2;COLD;"⚠ Gewerk prüfen · Trust 4: 4.1★ × 22 Reviews — solider Proof; Gap 2: hat Websi";neu;;;;
ChIJEehbRVCnmkcRSuJlaI6LPcc;Reno Group GmbH - Hausumbau, Badezimmer renovieren;Kilchberg;8802;1;klein?;TBD (Crawl);?;;;;056 611 10 01;https://renogroup.ch/umbau/;4.5;11;8;HOT;"Trust 5: 4.5★ × 11 Reviews — starker Proof; Gap 2: hat Websi";neu;;;;
ChIJGRPFCOOtmkcRfZuXCFB22zU;Bäderberg GmbH;Richterswil;8805;1;?;TBD (Crawl);?;;;;076 753 44 78;https://www.baederberg.ch/;5;28;8;HOT;"Trust 5: 5★ × 28 Reviews — starker Proof; Gap 2: hat Website";neu;;;;
ChIJn2Ij_eSnmkcRt7n_ye8O0xc;Stark Haustechnik GmbH;Adliswil;8134;1;7;Premium (2000);ja;;Inhaber;;079 961 76 91;http://www.stark-haustechnik.ch/;4.8;18;8;HOT;"Trust 5: 4.8★ × 18 Reviews — starker Proof; Gap 2: hat Websi";neu;;;;
ChIJzQpv9kKvmkcRhrlxI1sR9no;M. Gisler Baukeramik;Wädenswil;8820;1;klein?;TBD (Crawl);?;;;;043 477 82 65;http://gisler-baukeramik.ch/;5;11;8;HOT;"Trust 5: 5★ × 11 Reviews — starker Proof; Gap 2: hat Website";neu;;;;
ChIJBWd50jMJkEcRjRFebkvKdPQ;Campos Bau;Adliswil;8134;1;klein?;TBD (Crawl);?;;;;076 701 11 29;https://www.camposbau.ch/;5;5;7;HOT;"⚠ Gewerk prüfen · Trust 4: 5★ × 5 Reviews — solider Proof; Gap 2: hat Website ";neu;;;;
ChIJHQTK5-OnmkcR1DxSz0WZD4U;Anthony’s GmbH;Langnau a.A.;8135;1;klein?;TBD (Crawl);?;;;;079 733 79 91;http://www.anthonys.ch/;5;1;5;WARM;"Trust 2: 1 Reviews — existiert digital; Gap 2: hat Website (";neu;;;;
ChIJa0fNdvG7mkcRah-Cxuwfjcg;JAKOVA Sanitär & Heizung;Uster;8610;2;?;TBD (Crawl);?;;;;044 940 06 79;;;;9;HOT;"Trust 1: auf Maps, 0 Reviews; M1=5: keine Website; M2+2: Mo-";neu;;;;
ChIJJRxRubKkmkcRuAsVEmQ1-v8;Mr. Werner Sunier Sanitärinstallateur;Uster;8610;2;?;TBD (Crawl);?;;;;044 940 52 41;;;;9;HOT;"Trust 1: auf Maps, 0 Reviews; M1=5: keine Website; M2+2: Not";neu;;;;
ChIJ6cjP2-u7mkcRjH7YYaEXfDs;Schönau Sanitär + Heizung AG;Wetzikon;8620;2;?;TBD (Crawl);?;;;;044 950 11 44;;;;9;HOT;"Trust 1: auf Maps, 0 Reviews; M1=5: keine Website; M2+2: Mo-";neu;;;;
ChIJrwLpSU26mkcR7CMlRXhbDBI;GN Haustechnik GmbH;Grüt;8624;2;klein?;TBD (Crawl);?;;;;044 932 19 90;;5;2;9;HOT;"Trust 2: 2 Reviews; M1=5: keine Website; M2+2: Notdienst/San";neu;;;;
ChIJaRd0QIB2kEcRMR1vek4jVkY;Mr. Marcel Dünki;Bülach;8180;2;klein?;TBD (Crawl);?;;;;079 752 75 14;;5;3;9;HOT;"Trust 3: 5★ × 3 Reviews; M1=5: keine Website; M2+2: Notdiens";neu;;;;
ChIJG5U5aLZ1kEcR-jGhU6ZFHGw;Koster AG Heizung/Lüftung Zweigniederlassung Bachenbülach;Bachenbülach;8184;2;klein?;TBD (Crawl);?;;;;044 860 36 66;;4.2;10;9;HOT;"Trust 4: 4.2★ × 10 Reviews; M1=5: keine Website; M2+2: Mo-Fr";neu;;;;
ChIJ53kIDzF1kEcRP0Ig-n3lEWg;Krebser Sanitär + Heizung GmbH;Rümlang;8153;2;?;TBD (Crawl);?;;;;044 817 29 26;;5;25;9;HOT;"Trust 5: 5★ × 25 Reviews; M1=5: keine Website; M2+2: Mo-Fr B";neu;;;;
ChIJFZTzoTD3mkcRGZ49E6zLvlQ;Fuchs Heizung & Sanitär Gmbh;Kreuzlingen;8280;2;?;TBD (Crawl);?;;;;;;;;9;HOT;"Trust 1: auf Maps, 0 Reviews; M1=5: keine Website; M2+2: Not";neu;;;;
ChIJdd9Qm9n2mkcRalGqUyK08Ec;RE san Peter Reithinger Sanitäre Anlagen;Kreuzlingen;8280;2;?;TBD (Crawl);?;;;;071 672 18 85;;;;9;HOT;"Trust 1: auf Maps, 0 Reviews; M1=5: keine Website; M2+2: Not";neu;;;;
ChIJS9TaWQ39mkcRsGgWdyeLULo;Diethelm AG;Romanshorn;8590;2;?;TBD (Crawl);?;;;;071 463 26 55;;;;9;HOT;"Trust 1: auf Maps, 0 Reviews; M1=5: keine Website; M2+2: Not";neu;;;;
ChIJtY8M0GyZmkcRQHInSVfFdSU;Schmidlin Haustechnik GmbH;Winterthur;8406;2;klein?;TBD (Crawl);?;;;;056 223 95 34;;5;2;8;HOT;"Trust 2: 2 Reviews; M1=5: keine Website; M2+2: Mo-Fr Bürozei";neu;;;;
ChIJB38Jg5WlmkcR_-v9hng0fjw;Urs Frühauf;Uster;8610;2;klein?;TBD (Crawl);?;;;;079 664 78 30;;4.1;8;8;HOT;"Trust 4: 4.1★ × 8 Reviews; M1=5: keine Website; M2+2: Mo-Fr ";neu;;;;
ChIJy-nGRrO5mkcR_5cOUKvEzoc;Rüegg AG Spengler Sanitär Heizung Solar;Hinwil;8340;2;18;DQ (zu groß);nein;Rüegg AG;Geschäftsführung;;044 937 10 10;http://www.rubema.ch/;4.8;27;8;HOT;"angereichert(vision) · Trust 5: 4.8★ × 27 Reviews; M1=2: hat Website; M2+2: Notdien";neu;;;;
ChIJB8GhUDa5mkcRMMrc-1AMfC0;Sunier AG Sanitär + Heizung;Bäretswil;8344;2;3;Solo (950);ja;Sunier AG;Inhaber/Geschäftsführer;;044 939 12 51;http://www.sunier.ch/;4.8;13;8;HOT;"angereichert(vision) · Trust 5: 4.8★ × 13 Reviews; M1=2: hat Website; M2+2: Notdien";neu;;;;
ChIJx37dXg-hmkcRrMILi8_Apmo;Balegra Sanitär GmbH;Dübendorf;8600;2;klein?;TBD (Crawl);?;;;;079 346 02 75;;5;6;8;HOT;"Trust 4: 5★ × 6 Reviews; M1=5: keine Website; M2+2: Mo-Fr Bü";neu;;;;
ChIJIbXwNLqhmkcR2HzaLSnm0RM;WHS Haustech AG;Dübendorf;8600;2;klein?;TBD (Crawl);?;;;;043 501 37 21;;5;1;8;HOT;"Trust 2: 1 Reviews; M1=5: keine Website; M2+2: Mo-Fr Bürozei";neu;;;;
ChIJY3i7U8yRmkcRJiIaHcrdFbs;Walter Rechberger;Frauenfeld;8500;2;klein?;TBD (Crawl);?;;;;052 720 25 25;;5;3;8;HOT;"Trust 3: 5★ × 3 Reviews; M1=5: keine Website; M2+2: Mo-Fr Bü";neu;;;;
ChIJI-LNnIKRmkcRAUl4EeLnSXc;Swisstherm AG;Frauenfeld;8500;2;klein?;TBD (Crawl);?;;;;071 672 45 00;;5;1;8;HOT;"Trust 2: 1 Reviews; M1=5: keine Website; M2+2: Mo-Fr Bürozei";neu;;;;
ChIJ_9yY9G1q4CgROtp1Ftd2WGw;König Heizung & Sanitär;Allensbach, Deutschland;8476;2;klein?;TBD (Crawl);?;;;;015561 402928;https://www.koenig-hs.de/;5;2;8;HOT;"Trust 2: 2 Reviews; M1=2: hat Website; M2+2: Notdienst/Sanit";neu;;;;
ChIJBbxRPyPxmkcRVmvQPcbb6I4;Thermo Team GmbH;Weinfelden;8570;2;klein?;TBD (Crawl);?;;;;079 638 98 69;;5;4;8;HOT;"Trust 3: 5★ × 4 Reviews; M1=5: keine Website; M2+2: Mo-Fr Bü";neu;;;;
ChIJtQghEY6vmkcRCSH5T7sfARo;Ferrat Sanitär AG;Uetikon am See;8707;2;12;Premium (2000);?;;;;043 843 45 00;https://www.sanitaer-ferrat.ch/;4.2;20;7;HOT;"angereichert(vision) · Trust 4: 4.2★ × 20 Reviews — solider Proof; Gap 2: hat Websi";neu;;;;
ChIJLwckGyKStGwRHE-AMn36pAg;Nosid GmbH Heizung & Sanitär;Winterthur;8405;2;12;Premium (2000);?;NOSDI;Geschäftsleitung;info.nosid@gmail.com;078 246 70 10;https://www.nosid.ch/?utm_source=google&utm_medium=wix_google_business_profile&utm_campaign=10967618509586842304;5;7;7;WARM;"angereichert(llm-text) · Trust 4: 5★ × 7 Reviews; M1=3: Baukasten-Website; M2+2: Mo-F";neu;;;;
ChIJjU3YpvmZmkcRmBIJeaABTKQ;Sanitärinstallateur Huber W. AG;Winterthur;8409;2;klein?;TBD (Crawl);?;;;;052 242 69 10;;5;1;7;WARM;"Trust 2: 1 Reviews; M1=5: keine Website; M2+1: keine Öffnung";neu;;;;
ChIJh8thJ66lmkcR56LtGpGNH6M;OGAD Spenglerei & Dachdeckerei;Uster;8610;2;1;Solo (950);ja;;;ogad.info@gmail.com;078 230 71 19;https://www.ogad.ch/;5;1;7;WARM;"⚠ Gewerk prüfen · angereichert(llm-text) · Trust 2: 1 Reviews; M1=2: hat Website; M2+2: Notdienst/Sanit";neu;;;;
ChIJv1ECyhOlmkcRU3KvjE4T66k;Leutenegger Sanitär und Spenglerei AG;Hinteregg;8132;2;5;Premium (2000);?;Leutenegger;Inhaber/Geschäftsführer;;044 984 03 27;http://www.sanitaer-leutenegger.ch/;5;3;7;WARM;"angereichert(vision) · Trust 3: 5★ × 3 Reviews; M1=2: hat Website; M2+1: Reparatur-";neu;;;;
ChIJncanDR2hmkcRECuhmTK9hpk;Power Heizungen GmbH;Dübendorf;8600;2;klein?;TBD (Crawl);?;;;;079 334 92 15;;5;1;7;WARM;"Trust 2: 1 Reviews; M1=5: keine Website; M2+1: keine Öffnung";neu;;;;
ChIJIULOdQahmkcRS0SaE5teM5Y;Aquatherm Ibishi;Dübendorf;8600;2;klein?;TBD (Crawl);?;;;;044 461 71 61;;1;1;7;WARM;"Trust 2: 1 Reviews; M1=5: keine Website; M2+1: keine Öffnung";neu;;;;
ChIJ0d50azF0kEcRTPkLrIhYHfk;Rina Haustechnik GmbH;Bülach;8180;2;?;TBD (Crawl);?;;;;076 584 65 52;;;;7;WARM;"Trust 1: auf Maps, 0 Reviews; M1=5: keine Website; M2+1: kei";neu;;;;
ChIJM2DvYE_3mkcR3hqWH-ZJiK8;Serafini Heizung & Sanitär;Kreuzlingen;8280;2;klein?;TBD (Crawl);?;;;;079 511 58 41;https://www.heizungsanitär-serafini.ch/;5;5;7;WARM;"Trust 4: 5★ × 5 Reviews; M1=2: hat Website; M2+2: Notdienst/";neu;;;;
ChIJLXm46LD3mkcR4iWOcDvdGfM;Herzog Paul AG Sanitäre Installationen Zentralheizungen;Kreuzlingen;8280;2;?;TBD (Crawl);?;;;;071 672 31 41;https://yellow.local.ch/d/2H2bjx3ABeBYnY26uiqoVg;;;7;WARM;"Trust 1: auf Maps, 0 Reviews; M1=4: nur Verzeichnis-Link; M2";neu;;;;
ChIJlSExAgz3mkcRl3gNTzyvHEM;Glonti Haustechnik;Konstanz, Deutschland;8462;2;?;TBD (Crawl);?;;;;01577 1325386;https://www.glonti-haustechnik.de/;4.9;25;7;WARM;"Trust 5: 4.9★ × 25 Reviews; M1=2: hat Website; M2+2: Notdien";neu;;;;
ChIJ3Wtwwij3mkcRjl6_WGiHuA8;Reuter Wasser Technik | Sanitär Konstanz;Konstanz, Deutschland;8467;2;?;TBD (Crawl);?;;;;07531 9416030;https://www.reuterwassertechnik.de/;5;43;7;WARM;"Trust 5: 5★ × 43 Reviews; M1=2: hat Website; M2+2: Notdienst";neu;;;;
ChIJm0SGUhH3mkcRJzhzQ7Io-18;Theo's Reparaturen;Kreuzlingen;8280;2;klein?;TBD (Crawl);?;;;;071 671 11 68;https://yellow.local.ch/d/m5Go9jQpqUzt_ZXci5Vh_Q;5;8;7;WARM;"Trust 4: 5★ × 8 Reviews; M1=4: nur Verzeichnis-Link; M2+2: M";neu;;;;
ChIJkV0Wxbf8mkcRjIHT8n1VAsU;Sabito Haustechnik Gmbh;Amriswil;8580;2;klein?;TBD (Crawl);?;;;;079 195 96 46;;5;5;7;WARM;"Trust 4: 5★ × 5 Reviews; M1=5: keine Website; M2+1: erweiter";neu;;;;
ChIJ0_xhibP8mkcRzocv5WnGdjw;Albin Service AG - 24h Sanitär Notdienst, Ablauf-/ Kanalreinigung, Kanalsanierung, Bautrocknung, Leckortung;Amriswil;8580;2;klein?;TBD (Crawl);?;;;;071 411 10 11;https://www.albin-service.ch/standorte/amriswil/;3.8;4;7;WARM;"Trust 3: 3.8★ × 4 Reviews; M1=2: hat Website; M2+2: Notdiens";neu;;;;
ChIJpXeb9Lb8mkcRClZq0dMwSDU;Mexi Haustechnik GmbH;Amriswil;8580;2;?;TBD (Crawl);?;;;;079 961 31 00;;;;7;WARM;"Trust 1: auf Maps, 0 Reviews; M1=5: keine Website; M2+1: erw";neu;;;;
ChIJ7__jqNDvmkcRgb3kZ0Y8atA;Baumann Spenglerei Sanitär AG;Bürglen;8575;2;?;TBD (Crawl);?;;;;071 633 12 48;http://www.baumann-haustechnik.ch/;4.1;23;7;WARM;"Trust 4: 4.1★ × 23 Reviews; M1=2: hat Website; M2+2: Notdien";neu;;;;
ChIJK5C_5OAdm0cR5gYiIkKqygc;Gebr. Brüllhardt AG;Wittenbach;9300;2;klein?;TBD (Crawl);?;;;;071 298 55 47;http://www.bruellhardt.ch/;4.6;7;7;WARM;"Trust 4: 4.6★ × 7 Reviews; M1=2: hat Website; M2+2: Notdiens";neu;;;;
ChIJW1BssIXGtkwRCpASowe-k68;Wüst Kanalreinigung, Sanitär, 24H Notfallservice;Rorschach;9400;2;klein?;TBD (Crawl);?;;;;071 888 20 22;https://www.wuest.sg/;5;3;7;WARM;"Trust 3: 5★ × 3 Reviews; M1=2: hat Website; M2+2: Notdienst/";neu;;;;
ChIJS7_N_HgZm0cRfPQ-QYpWbKM;Mema Haustechnik Gmbh;Goldach;9403;2;klein?;TBD (Crawl);?;;;;079 728 23 45;https://mema-haustechnik.ch/;4.3;6;7;WARM;"Trust 4: 4.3★ × 6 Reviews; M1=2: hat Website; M2+2: Notdiens";neu;;;;
ChIJXWQ4Wx0dm0cRUPDkoj58SZo;Gerhard Kress;Arbon;9320;2;klein?;TBD (Crawl);?;;;;071 446 56 54;;5;1;7;WARM;"Trust 2: 1 Reviews; M1=5: keine Website; M2+1: keine Öffnung";neu;;;;
ChIJKVVmu-j9mkcRuCJXX8G-P-s;AJAL Haustechnik GmbH;Romanshorn;8590;2;?;TBD (Crawl);?;;;;076 570 71 24;https://www.local.ch/de/d/romanshorn/8590/ajal-haustechnik-gmbh-vxJ-QAtYj54P3_KfPEU8Aw;;;7;WARM;"Trust 1: auf Maps, 0 Reviews; M1=4: nur Verzeichnis-Link; M2";neu;;;;
ChIJj6-CulOnmkcRPpM98Z1k4ZA;EmiProfi GmbH;Küsnacht;8700;2;3;Solo (950);ja;;;;078 332 95 81;https://www.emiprofi.ch/;5;3;6;WARM;"⚠ Gewerk prüfen · angereichert(vision) · Trust 3: 5★ × 3 Reviews — etwas Proof; Gap 2: hat Website (Q";neu;;;;
ChIJ7dAQVmOZmkcRfgYfCZW-ICs;Lyrenmann AG;Winterthur;8400;2;12;Premium (2000);nein;Claudio Giordano;Operative Geschäftsführer;;052 224 08 08;http://www.lyrenmann.ch/;4.7;30;6;WARM;"angereichert(llm-text) · Trust 5: 4.7★ × 30 Reviews; M1=2: hat Website; M2+1: Reparat";neu;;;;
ChIJN1JKR2mbmkcRXp6qgeqs5ak;Suremann Reto Sanitär- und Spengler-Reparaturen;Winterthur;8404;2;12;Premium (2000);?;Suremann Reto;Inhaber / Geschäftsleitung Sanitär & Spengler;resutec@bluewin.ch;052 242 10 40;https://yellow.local.ch/d/HkXD-Y6cCN3PNSNrVIIm5w;5;1;6;WARM;"angereichert(llm-text) · Trust 2: 1 Reviews; M1=4: nur Verzeichnis-Link; M2+1: keine ";neu;;;;
ChIJOWxEE0WfmkcRHR1prahhXRY;Gisler Heizungen & Sanitär GmbH;Nürensdorf;8309;2;12;Premium (2000);?;Gisler;Geschäftsführer/Inhaber;;044 888 65 22;http://www.sanitaer-gisler.ch/;5;35;6;WARM;"angereichert(vision) · Trust 5: 5★ × 35 Reviews; M1=2: hat Website; M2+2: Mo-Fr Bür";neu;;;;
ChIJ0ViTLFSXmkcRgtNHCtJrOZg;Fiorentino Haustechnik GmbH;Winterthur;8409;2;12;Premium (2000);?;;;;052 315 30 43;https://yellow.local.ch/d/OEVrcE0YInOvM3844TiJ0g;3.8;9;6;WARM;"angereichert(vision) · Trust 3: 3.8★ × 9 Reviews; M1=4: nur Verzeichnis-Link; M2+1:";neu;;;;
ChIJJwEkZaukmkcRvc_4qqpPecc;Daniel Lang Spenglerei - Sanitär;Uster;8610;2;1;Solo (950);ja;Daniel Lang;Inhaber / Eidg. dipl. Sanitärinstallateur;;044 882 28 88;https://www.langsanitaer.ch/;4.7;9;6;WARM;"angereichert(vision) · Trust 4: 4.7★ × 9 Reviews; M1=2: hat Website; M2+2: Mo-Fr Bü";neu;;;;
ChIJFVoP5aykmkcRl2xSt-3nLdY;Tobler Hans AG für sanitäre Anlagen;Uster;8610;2;12;Premium (2000);?;Tobler;Inhaber/Geschäftsleitung Tobler Sanitär AG;sanitaer-tobler@bluewin.ch;043 305 92 22;https://yellow.local.ch/d/zDw9ZMILjZ0ORHZUfWQdQw;5;9;6;WARM;"angereichert(llm-text) · Trust 4: 5★ × 9 Reviews; M1=4: nur Verzeichnis-Link; M2+1: k";neu;;;;
ChIJm-RabXSjmkcRgX4-AKjmvo4;Denzler Sanitär-Spenglerei GmbH;Nänikon;8606;2;10;Premium (2000);?;Denzler;Geschäftsführer/Inhaber;;044 941 20 58;http://www.denzler-haustech.ch/;4.9;8;6;WARM;"angereichert(vision) · Trust 4: 4.9★ × 8 Reviews; M1=2: hat Website; M2+2: Mo-Fr Bü";neu;;;;
ChIJ1wPwDMq7mkcRoko9jOZv7o8;Hediger Haustechnik GmbH Heizung + Sanitär;Wetzikon;8620;2;12;Premium (2000);nein;HEDIGER Haustechnik GmbH;Geschäftsführung;;044 932 32 10;https://www.hediger-gmbh.ch/;4.6;22;6;WARM;"angereichert(vision) · Trust 5: 4.6★ × 22 Reviews; M1=2: hat Website; M2+2: Mo-Fr B";neu;;;;
ChIJ5WO8W9SjmkcRXGZcxQg0LIo;Isenegger Sanitär & Heizung GmbH;Volketswil;8604;2;12;Premium (2000);nein;Isenegger;Inhaber/Geschäftsführer;;043 535 77 50;http://www.isenegger-sanitaer.ch/;5;4;6;WARM;"angereichert(vision) · Trust 3: 5★ × 4 Reviews; M1=2: hat Website; M2+2: Mo-Fr Büro";neu;;;;
ChIJF3OadI67mkcRBsnxUkMI7Ag;ELGE AG Heizung - Sanitär - Lüftung;Wetzikon;8620;2;2;Solo (950);ja;;;;044 932 20 90;http://elge.ch/;5;11;6;WARM;"angereichert(vision) · Trust 5: 5★ × 11 Reviews; M1=2: hat Website; M2+2: Mo-Fr Bür";neu;;;;
ChIJYS2iwnC7mkcR4c-hwtH53C8;Rudolf und Katharina Blattner;Uster;8610;2;5;Premium (2000);?;Rudolf Blattner-Bächtold;Inhaber;;044 940 59 25;https://yellow.local.ch/d/zvDTAHoPzhDyXT6DxI4WjQ;3;2;6;WARM;"angereichert(vision) · Trust 2: 2 Reviews; M1=4: nur Verzeichnis-Link; M2+1: keine ";neu;;;;
ChIJk8O8G6mkmkcRT7KmCINixyY;Sustech AG | Heizung | Lüftung | Photovoltaik | Energieoptimierung;Uster;8610;2;6;Premium (2000);?;;;;044 940 74 15;http://www.sustech.ch/;4;6;6;WARM;"⚠ Gewerk prüfen · angereichert(vision) · Trust 4: 4★ × 6 Reviews; M1=2: hat Website; M2+2: Mo-Fr Büro";neu;;;;
ChIJB_CUq5a7mkcRFuSrYEQLKMQ;planerpartner GmbH Haustechnikplanung Heizung, Lüftung, Sanitär;Wetzikon;8620;2;9;Premium (2000);?;planerpartner GmbH;Geschäftsführung;;043 817 20 20;http://www.planerpartner.ch/;4.4;19;6;WARM;"⚠ Gewerk prüfen · angereichert(vision) · Trust 4: 4.4★ × 19 Reviews; M1=2: hat Website; M2+2: Mo-Fr B";neu;;;;
ChIJsd7JVIe6mkcRJG7PJNwvzZ0;Gebrüder Kessler AG;Grüningen;8627;2;8;Premium (2000);nein;Urs Kessler;Inhaber/Geschäftsführer;;044 935 11 34;http://kessler-gk.ch/;4.9;12;6;WARM;"angereichert(vision) · Trust 5: 4.9★ × 12 Reviews; M1=2: hat Website; M2+1: Reparat";neu;;;;
ChIJBfTACgC_mkcRKR8zaxfLfM8;Laski - Haustechnik GmbH;Bäretswil;8344;2;8;Premium (2000);?;;;;079 908 19 86;https://laski-haustechnik.digitalone.site/;5;3;6;WARM;"angereichert(vision) · Trust 3: 5★ × 3 Reviews; M1=3: Baukasten-Website; M2+2: Mo-F";neu;;;;
ChIJN1Y39VW7mkcRmWmDpZtwPvo;Nikollbibaj GmbH - Sanitär & Heizung;Gossau;8625;2;11;Premium (2000);?;;;;043 537 00 48;http://www.nikollbibaj.ch/;5;7;6;WARM;"angereichert(vision) · Trust 4: 5★ × 7 Reviews; M1=2: hat Website; M2+2: Mo-Fr Büro";neu;;;;
ChIJQQXvD-W6mkcRm6DEt7dG2vU;Leutenegger Installations AG;Gossau;8625;2;12;Premium (2000);nein;;;;044 936 65 65;http://www.leutenegger-insta.ch/;4;23;6;WARM;"angereichert(vision) · Trust 4: 4★ × 23 Reviews; M1=2: hat Website; M2+1: Reparatur";neu;;;;
ChIJx2Q5UgqhmkcRIeq2S5mB0Vk;Bosshard Spenglerei & Sanitär AG;Dübendorf;8600;2;8;Premium (2000);?;Bosshard;Inhaber/Geschäftsführer;;044 821 64 27;http://www.sanitaer-bosshard.ch/;5;35;6;WARM;"angereichert(vision) · Trust 5: 5★ × 35 Reviews; M1=2: hat Website; M2+2: Mo-Fr Bür";neu;;;;
ChIJmVCvowehmkcRB_F13tQOYB4;RexHaustechnik GmbH;Dübendorf;8600;2;klein?;TBD (Crawl);?;;;;;;5;3;6;WARM;"Trust 3: 5★ × 3 Reviews; M1=5: keine Website; M2+1: keine Öf";neu;;;;
ChIJq6p6teW7mkcR-BGxguQfSRU;Bayar Gmbh - Heizung, Sanitär und Kälte;Schwerzenbach;8603;2;9;Premium (2000);?;Mehmet Bayar;Inhaber;m.bayar@bayar-energie.ch;044 501 04 37;https://bayar-gmbh.ch/;5;3;6;WARM;"angereichert(llm-text) · Trust 3: 5★ × 3 Reviews; M1=2: hat Website; M2+2: Mo-Fr Büro";neu;;;;
ChIJRwtbBoWfmkcRTWghZTR6C-o;Ganz Sanitär / Heizung;Embrach;8424;2;3;Solo (950);ja;;;;044 865 09 77;http://www.ganzsanitaer.ch/;5;9;6;WARM;"angereichert(vision) · Trust 4: 5★ × 9 Reviews; M1=2: hat Website; M2+2: Mo-Fr Büro";neu;;;;
ChIJx_8XAtR1kEcR5ErP2-8jpRA;Oetiker E. AG;Bülach;8180;2;klein?;TBD (Crawl);?;;;;044 860 15 39;https://yellow.local.ch/d/kwpeNZhFAtgEvJE5ly2ZYA;1;1;6;WARM;"Trust 2: 1 Reviews; M1=4: nur Verzeichnis-Link; M2+1: keine ";neu;;;;
ChIJuQ56Owx1kEcRZ6J1kvrBexM;Greenline-Haustechnik | Sanitär, Heizung, Lüftung Zürich;Niederglatt;8172;2;2;Solo (950);ja;Enver Bajrami;Geschäftsführer;e.bajrami@greenline-haustechnik.ch;043 497 77 99;https://www.greenline-haustechnik.ch/;5;9;6;WARM;"angereichert(llm-text) · Trust 4: 5★ × 9 Reviews; M1=2: hat Website; M2+2: Mo-Fr Büro";neu;;;;
ChIJDSo4GgV2kEcRJmX5n0zB-xU;Meier R. & Co;Rorbas;8427;2;8;Premium (2000);?;R. Meier;Inhaber / Geschäftsleitung Sanitär R. Meier & Co.;meier.sanitaer@bluewin.ch;044 865 03 83;http://www.meiersanitaer.ch/;5;3;6;WARM;"angereichert(llm-text) · Trust 3: 5★ × 3 Reviews; M1=2: hat Website; M2+1: Reparatur-";neu;;;;
ChIJzyC-kj50kEcRBgx-zPhLrhg;Kuhn Haustechnik AG | Sanitär | Heizung | Badwerkstatt;Höri;8181;2;8;Premium (2000);?;;;;044 860 44 35;https://kuhnhaustechnik.ch/;4.6;5;6;WARM;"angereichert(vision) · Trust 4: 4.6★ × 5 Reviews; M1=2: hat Website; M2+2: Mo-Fr Bü";neu;;;;
ChIJQbGex7wKkEcReBDD1PXxGtQ;B M Haustechnik GmbH Sanitär Heizung 24 Service;Rümlang;8153;2;9;Premium (2000);nein;;;;043 299 98 66;https://bmhaustechnik.ch/;5;8;6;WARM;"angereichert(vision) · Trust 4: 5★ × 8 Reviews; M1=2: hat Website; M2+2: Mo-Fr Büro";neu;;;;
ChIJP7Ta-YuRmkcRWvK2nm2gsRA;Pierre Sanitär Design GmbH;Frauenfeld;8500;2;klein?;TBD (Crawl);?;;;;052 730 11 73;https://www.pierre-sanitaer-design.ch/;5;1;6;WARM;"Trust 2: 1 Reviews; M1=2: hat Website; M2+2: Notdienst/Sanit";neu;;;;
ChIJ01cn3kmNmkcRLxL3EHrk-AE;R. Gerber AG Sanitär/Heizungen;Felben-Wellhausen;8552;2;klein?;TBD (Crawl);?;;;;052 765 18 85;http://www.rgerberag.ch/;5;6;6;WARM;"Trust 4: 5★ × 6 Reviews; M1=2: hat Website; M2+2: Mo-Fr Büro";neu;;;;
ChIJb9HQda-XYaYRRvlQXuftoo8;Renova-Umbau M.Petzel;Winterthur;8404;2;klein?;TBD (Crawl);?;;;;079 583 23 32;https://www.renova-umbau.ch/?utm_source=google&utm_medium=wix_google_business_profile&utm_campaign=15468382458248204166;5;5;6;WARM;"Trust 4: 5★ × 5 Reviews; M1=3: Baukasten-Website; M2+2: Mo-F";neu;;;;
ChIJ5ySGACP3mkcR71edAMAQ5Kg;Rickenbach AG Sanitär Heizung;Kreuzlingen;8280;2;klein?;TBD (Crawl);?;;;;071 677 40 77;http://www.rickenbach-ag.ch/;4.6;7;6;WARM;"Trust 4: 4.6★ × 7 Reviews; M1=2: hat Website; M2+2: Mo-Fr Bü";neu;;;;
ChIJXXC4IaL2mkcRA0SCcjpW67Q;Burkhardt Heizungen & Sanitär GmbH;Tägerwilen;8274;2;?;TBD (Crawl);?;;;;071 669 11 65;http://www.burkhardt-heizungen.ch/;4.8;22;6;WARM;"Trust 5: 4.8★ × 22 Reviews; M1=2: hat Website; M2+2: Mo-Fr B";neu;;;;
ChIJgQ5UWXPlmkcRj2lNODqfki0;Memeti GmbH Sanitär & Heizungen;Amriswil;8580;2;klein?;TBD (Crawl);?;;;;071 411 90 00;http://www.memeti.ch/;4.5;13;6;WARM;"Trust 5: 4.5★ × 13 Reviews; M1=2: hat Website; M2+2: Mo-Fr B";neu;;;;
ChIJH7yjs0_3mkcRNrusY2G2PJE;Fuchs GmbH Heizung Sanitär Schweiz;Tägerwilen;8274;2;klein?;TBD (Crawl);?;;;;071 222 03 22;https://www.fuchs-haustechnik.de/fuchs-ch/;4.6;11;6;WARM;"Trust 5: 4.6★ × 11 Reviews; M1=2: hat Website; M2+2: Mo-Fr B";neu;;;;
ChIJ02KJxWP2mkcRqoogEwuGU2w;Fuchs GmbH - Heizung, Sanitär, Klima und Lüftung | Badstudio;Konstanz, Deutschland;8467;2;?;TBD (Crawl);?;;;;07531 59950;http://www.fuchs-haustechnik.de/;4.5;35;6;WARM;"Trust 5: 4.5★ × 35 Reviews; M1=2: hat Website; M2+2: Mo-Fr B";neu;;;;
ChIJna3CsvnxmkcRwgdw-mouZAw;Prandini AG, Heizung, Lüftung, Sanitär;Weinfelden;8570;2;?;TBD (Crawl);?;;;;071 622 33 30;http://www.prandiniag.ch/;4.4;33;6;WARM;"Trust 4: 4.4★ × 33 Reviews; M1=2: hat Website; M2+2: Mo-Fr B";neu;;;;
ChIJpTideQD3mkcRmIKqzK6jpmw;Dietenmeier Harsch Haustechnik GmbH;Konstanz-Petershausen-West, Deutschland;8467;2;?;TBD (Crawl);?;;;;07531 59990;https://www.dietenmeier-harsch.de/;3.9;44;6;WARM;"Trust 3: 3.9★ × 44 Reviews; M1=2: hat Website; M2+1: Reparat";neu;;;;
ChIJVdq1IAD3mkcRx6WsxMXhCs4;Sanitär Gasheizungen Gerold Eckert GmbH & Co KG;Konstanz, Deutschland;8467;2;?;TBD (Crawl);?;;;;07531 54693;https://www.eckert-badstudio.de/;4.4;54;6;WARM;"Trust 4: 4.4★ × 54 Reviews; M1=2: hat Website; M2+2: Mo-Fr B";neu;;;;
ChIJ1fXmclf3mkcRSZwhDmUkPUw;Hjk Hansjörg Keller GmbH;Bottighofen;8598;2;klein?;TBD (Crawl);?;;;;071 686 80 00;http://www.hjk.ch/;4.2;5;6;WARM;"Trust 4: 4.2★ × 5 Reviews; M1=2: hat Website; M2+1: Reparatu";neu;;;;
ChIJB8vu77L8mkcR_ICWbUrLdns;Kather Sanitär Heizung GmbH;Amriswil;8580;2;?;TBD (Crawl);?;;;;071 412 73 33;https://kather.ch/;4.5;23;6;WARM;"Trust 5: 4.5★ × 23 Reviews; M1=2: hat Website; M2+2: Mo-Fr B";neu;;;;
ChIJQbz5kbH8mkcR7KllMKGh8as;musa & partner ag;Amriswil;8580;2;klein?;TBD (Crawl);?;;;;071 411 16 06;https://www.musa-partner-ag.ch/;5;9;6;WARM;"Trust 4: 5★ × 9 Reviews; M1=2: hat Website; M2+1: Reparatur-";neu;;;;
ChIJ6d3ycWTjmkcRFPmMNwd0VNY;Hutt GmbH;Amriswil;8580;2;klein?;TBD (Crawl);?;;;;071 774 09 09;https://hutt.ch/;5;4;6;WARM;"Trust 3: 5★ × 4 Reviews; M1=2: hat Website; M2+1: Reparatur-";neu;;;;
ChIJ68RwhDTlmkcRvUoKcVwB5VU;Zuliani Sanitär-Heizung GmbH;Ennetaach;8586;2;klein?;TBD (Crawl);?;;;;071 648 36 89;http://www.zulianigmbh.ch/;5;7;6;WARM;"Trust 4: 5★ × 7 Reviews; M1=2: hat Website; M2+2: Mo-Fr Büro";neu;;;;
ChIJgduOYCzxmkcR8vN0y0Jyrc0;Brühwiler Sanitär | Heizung | Solar;Weinfelden;8570;2;klein?;TBD (Crawl);?;;;;071 622 30 43;https://www.sanitär-heizung-solar.ch/;5;6;6;WARM;"Trust 4: 5★ × 6 Reviews; M1=2: hat Website; M2+2: Mo-Fr Büro";neu;;;;
ChIJ30VOzEbwmkcR5bCr-QPLeh0;Witzig J. Sanitär, Heizungen, Solartechnik;Berg;8572;2;klein?;TBD (Crawl);?;;;;071 636 11 77;http://www.witzig-solar.ch/;5;8;6;WARM;"Trust 4: 5★ × 8 Reviews; M1=2: hat Website; M2+2: Mo-Fr Büro";neu;;;;
ChIJP9CCf_Icm0cRaCOmsck51zs;Dupper Sanitär und Heizung GmbH;Steinach;9323;2;klein?;TBD (Crawl);?;;;;071 440 40 10;http://www.dupper.ch/;3.9;7;6;WARM;"Trust 3: 3.9★ × 7 Reviews; M1=2: hat Website; M2+2: Mo-Fr Bü";neu;;;;
ChIJ7wuL-Fj9mkcRulHjIjvR5ss;Badewelten Eugster Haustechnik AG;Roggwil;9320;2;?;TBD (Crawl);?;;;;071 455 15 55;https://yellow.local.ch/d/UC-yN7d4at8EcaiCKNXf5A;;;6;WARM;"Trust 1: auf Maps, 0 Reviews; M1=4: nur Verzeichnis-Link; M2";neu;;;;
ChIJr_dBvYYbm0cRKspFHY42peM;Metzler Haustechnik AG;Goldach;9403;2;?;TBD (Crawl);?;;;;071 841 90 33;https://www.metzlerag.ch/;4.2;18;6;WARM;"Trust 4: 4.2★ × 18 Reviews; M1=2: hat Website; M2+2: Notdien";neu;;;;
ChIJG9Yxab8bm0cR386E4Tk2qmc;MB Sanitär Heizung AG;Rorschacherberg;9404;2;?;TBD (Crawl);?;;;;071 858 28 88;http://www.mbsh.ch/;4.7;20;6;WARM;"Trust 5: 4.7★ × 20 Reviews; M1=2: hat Website; M2+2: Mo-Fr B";neu;;;;
ChIJ0Vk3Enwbm0cRvS--m-hm_aY;Gerster Heizungen;Goldach;9403;2;klein?;TBD (Crawl);?;;;;071 841 04 92;https://yellow.local.ch/d/r72ANkDAngcWcgyBA8FsEA;5;4;6;WARM;"Trust 3: 5★ × 4 Reviews; M1=4: nur Verzeichnis-Link; M2+1: k";neu;;;;
ChIJP11bZdkdm0cRFsu6SFdBiI4;Eigenmann AG;Wittenbach;9300;2;?;TBD (Crawl);?;;;;071 292 36 36;http://eigenmann-ag.ch/;4.9;22;6;WARM;"Trust 5: 4.9★ × 22 Reviews; M1=2: hat Website; M2+1: Reparat";neu;;;;
ChIJt-4Fhm79mkcRhB1h-HFnBCU;Sanitär Bötschi AG;Romanshorn;8590;2;klein?;TBD (Crawl);?;;;;071 461 21 01;https://yellow.local.ch/d/BOdCRS7qcz0lpD3C_OKhbA;4.3;11;6;WARM;"Trust 4: 4.3★ × 11 Reviews; M1=4: nur Verzeichnis-Link; M2+1";neu;;;;
ChIJL6hCCBf9mkcReC7zHuwMbPk;Peter Keller;Romanshorn;8590;2;klein?;TBD (Crawl);?;;;;071 463 68 26;https://yellow.local.ch/d/N4v6MGjbvf9Z54U9PaHg1Q;5;5;6;WARM;"Trust 4: 5★ × 5 Reviews; M1=4: nur Verzeichnis-Link; M2+1: k";neu;;;;
ChIJPwuPyHT9mkcRnOTSmfHlgJw;Küwatech GmbH;Romanshorn;8590;2;?;TBD (Crawl);?;;;;071 463 22 22;http://www.kuewatech.ch/;4.8;21;6;WARM;"Trust 5: 4.8★ × 21 Reviews; M1=2: hat Website; M2+1: Reparat";neu;;;;
ChIJ77x4emj9mkcR0JtSSuaHXzw;Bühler Bedachungen und Bauspenglerei AG;Romanshorn;8590;2;?;TBD (Crawl);?;;;;071 463 23 22;http://www.buehler-dach.ch/;5;28;6;WARM;"Trust 5: 5★ × 28 Reviews; M1=2: hat Website; M2+1: Reparatur";neu;;;;
ChIJj5UIYdKUmkcRgQfXy45O5lU;Kamm W. AG;Eschlikon;8360;2;klein?;TBD (Crawl);?;;;;071 971 10 55;https://kamm-w-ag.digitalone.site/;5;3;6;WARM;"Trust 3: 5★ × 3 Reviews; M1=3: Baukasten-Website; M2+2: Mo-F";neu;;;;
ChIJa8VITWasmkcRsiG02kI7fkE;Markus Staub GmbH;Edlibach;6313;2;12;Premium (2000);?;;;;078 728 82 09;http://www.markusstaub.ch/;5;2;5;WARM;"angereichert(vision) · Trust 2: 2 Reviews — existiert digital; Gap 2: hat Website (";neu;;;;
ChIJ0dfjKuyZmkcRfLoGzaLURiw;Stähli Haustechnik AG;Winterthur;8404;2;10;Premium (2000);?;;;;052 242 82 00;http://www.staehli-haustechnik.ch/;4.5;43;5;COLD;"angereichert(vision) · Trust 5: 4.5★ × 43 Reviews; M1=2: hat Website; M2+2: Mo-Fr B";neu;;;;
ChIJYYvEG0GZmkcRL_pYd7N1Huo;Sanitär Tech;Winterthur;8408;2;8;Premium (2000);?;;;;052 202 44 64;http://www.sanitaertech.ch/;4.8;25;5;COLD;"angereichert(vision) · Trust 5: 4.8★ × 25 Reviews; M1=2: hat Website; M2+2: Mo-Fr B";neu;;;;
ChIJd_MN2da5bIwRNC_IXcXLre0;EMU Haustechnik GmbH;Winterthur;8405;2;1;Solo (950);ja;Edon Mustafa;Inhaber und Geschäftsführer;;052 549 36 68;https://emu-haustechnik.ch/;5;8;5;COLD;"angereichert(vision) · Trust 4: 5★ × 8 Reviews; M1=2: hat Website; M2+2: Mo-Fr Büro";neu;;;;
ChIJ_dDzjCKamkcR4uie550PEXM;Rupp Haustechnik Sanitär GmbH;Winterthur;8400;2;5;Premium (2000);?;;;;052 214 20 30;http://www.rupp-haustechnik.ch/;4.7;15;5;COLD;"angereichert(vision) · Trust 5: 4.7★ × 15 Reviews; M1=2: hat Website; M2+1: keine Ö";neu;;;;
ChIJ-TxBVlSZmkcR3TdU4wINo0k;Wärmetec GmbH;Winterthur;8408;2;12;Premium (2000);?;;;;052 202 44 55;http://www.waermetec.ch/;4.8;23;5;COLD;"angereichert(text) · Trust 5: 4.8★ × 23 Reviews; M1=2: hat Website; M2+2: Mo-Fr B";neu;;;;
ChIJQ3h7CX2ZmkcRVirSPIbPP-k;Steimer Haustechnik AG;Winterthur;8400;2;5;Premium (2000);nein;;;steimer@steimer-haustechnik.ch;052 209 06 10;http://www.steimer-haustechnik.ch/;4.8;13;5;COLD;"angereichert(vision) · Trust 5: 4.8★ × 13 Reviews; M1=2: hat Website; M2+2: Mo-Fr B";neu;;;;
ChIJQWkcnlaZmkcR4pDqpD8h-9M;Sager Haustechnik AG;Winterthur;8408;2;11;Premium (2000);nein;Martin Sager;Geschäftsführer, dipl. Sanitärinstallateur / Spengler;martin.sager@sagerag.ch;052 222 19 32;https://www.sagerag.ch/;4.7;14;5;COLD;"angereichert(llm-text) · Trust 5: 4.7★ × 14 Reviews; M1=2: hat Website; M2+2: Mo-Fr B";neu;;;;
ChIJMQTXnJaZmkcRjJ6Ba6chXGo;Hunziker Partner AG Technik im Gebäude;Winterthur;8401;2;?;TBD (Crawl);?;;;;052 235 05 35;http://www.hunzikerwin.ch/;4.6;60;5;COLD;"Trust 5: 4.6★ × 60 Reviews; M1=2: hat Website; M2+2: Mo-Fr B";neu;;;;
ChIJgXTw63-emkcR9sx7oTRxRyg;SANI-THERM Haustechnik AG;Embrach;8424;2;?;TBD (Crawl);?;;;;052 301 22 22;http://www.sani-therm.ch/;4.4;24;5;COLD;"Trust 4: 4.4★ × 24 Reviews; M1=2: hat Website; M2+2: Mo-Fr B";neu;;;;
ChIJJ18s752ZmkcRkkvNHdX3tos;Meissner Sanitärtechnik AG;Winterthur;8400;2;klein?;TBD (Crawl);?;;;;052 202 28 71;http://www.meissner-sanitaertechnik.ch/;4.4;5;5;COLD;"Trust 4: 4.4★ × 5 Reviews; M1=2: hat Website; M2+2: Mo-Fr Bü";neu;;;;
ChIJgYBCdhGZmkcRXyuqdvPz8po;Walti Haustechnik GmbH;Winterthur;8406;2;klein?;TBD (Crawl);?;;;;052 202 23 44;http://www.walti-haustechnik.ch/;4.2;6;5;COLD;"Trust 4: 4.2★ × 6 Reviews; M1=2: hat Website; M2+2: Mo-Fr Bü";neu;;;;
ChIJd2vIBJ6XmkcRPKdehfn-Q-Q;Kradolfer Sanitär;Turbenthal;8488;2;klein?;TBD (Crawl);?;;;;079 857 04 40;http://kradolfer-haustechnik.ch/;4.2;5;5;COLD;"Trust 4: 4.2★ × 5 Reviews; M1=2: hat Website; M2+2: Mo-Fr Bü";neu;;;;
ChIJV-9JVKmZmkcRZY8UyOxqxgc;Home HwS GmbH;Winterthur;8404;2;klein?;TBD (Crawl);?;;;;052 243 33 90;https://homehws.ch/;5;10;5;COLD;"Trust 5: 5★ × 10 Reviews; M1=2: hat Website; M2+2: Mo-Fr Bür";neu;;;;
ChIJ4XY6CqOQmkcR2lK3cCJ8hTo;Wisi Haustechnik AG;Elsau;8352;2;?;TBD (Crawl);?;;;;052 363 27 27;https://www.wisi-haustechnik.ch/;4.9;29;5;COLD;"Trust 5: 4.9★ × 29 Reviews; M1=2: hat Website; M2+2: Mo-Fr B";neu;;;;
ChIJv2pUrqikmkcR7lfVLbcqeyM;AQUA-Sanitär AG;Riedikon;8616;2;?;TBD (Crawl);?;;;;044 984 02 02;http://www.aqua-sanitär.ch/;4.9;44;5;COLD;"Trust 5: 4.9★ × 44 Reviews; M1=2: hat Website; M2+2: Mo-Fr B";neu;;;;
ChIJ_2ak_3SbmkcR84mZUsLB55k;W. Rokitzky AG;Winterthur;8408;2;klein?;TBD (Crawl);?;;;;052 551 88 99;https://www.rokitzky.ch/;5;1;5;COLD;"Trust 2: 1 Reviews; M1=2: hat Website; M2+2: Mo-Fr Bürozeite";neu;;;;
ChIJBTsYOcOZmkcRFLO-PT7qjb4;Heizungsmacher AG;Winterthur;8406;2;?;TBD (Crawl);?;;;;044 312 32 00;https://www.heizungsmacher.ch/;5;18;5;COLD;"Trust 5: 5★ × 18 Reviews; M1=2: hat Website; M2+2: Mo-Fr Bür";neu;;;;
ChIJvxJr6P6ZmkcRnJK6J3y2yoE;Hälg & Co. AG;Winterthur;8409;2;?;TBD (Crawl);?;;;;052 303 46 10;https://haelg.ch/angebot/anlagenbau/winterthur/;4.1;18;5;COLD;"Trust 4: 4.1★ × 18 Reviews; M1=2: hat Website; M2+2: Mo-Fr B";neu;;;;
ChIJ1V2kVnKZmkcR0wOlREGR5-k;E3 HLK AG;Winterthur;8406;2;klein?;TBD (Crawl);?;;;;052 245 00 80;http://www.e3-hlk.ch/;5;6;5;COLD;"Trust 4: 5★ × 6 Reviews; M1=2: hat Website; M2+2: Mo-Fr Büro";neu;;;;
ChIJd2bN7WSZmkcRKfUCXRpkBG0;Pestalozzi Haustechnik - Haustechcenter Winterthur;Winterthur;8400;2;klein?;TBD (Crawl);?;;;;052 223 21 00;https://www.pestalozzi-haustechnik.ch/de/winterthur.html;5;5;5;COLD;"Trust 4: 5★ × 5 Reviews; M1=2: hat Website; M2+2: Mo-Fr Büro";neu;;;;
ChIJu8TkaFibmkcRcRmF-WoePVM;Ari Haustechnik GmbH;Winterthur;8404;2;klein?;TBD (Crawl);?;;;;076 455 83 55;https://www.arihaustechnik.ch/;3;2;5;COLD;"Trust 2: 2 Reviews; M1=2: hat Website; M2+2: Mo-Fr Bürozeite";neu;;;;
ChIJw20bQemRmkcR3WC6lP46gLA;Huber Haustechnik GmbH;Elsau;8352;2;?;TBD (Crawl);?;;;;052 363 14 86;http://www.huber-haustechnik.ch/;4.9;16;5;COLD;"Trust 5: 4.9★ × 16 Reviews; M1=2: hat Website; M2+2: Mo-Fr B";neu;;;;
ChIJ8258WDmZmkcRrDN0I5Ap3rU;Zeindler Haustechnik - Bad & Warm - Badausstellung;Winterthur;8405;2;klein?;TBD (Crawl);?;;;;052 212 01 22;http://www.badundwarm.ch/;5;1;5;COLD;"Trust 2: 1 Reviews; M1=2: hat Website; M2+2: Mo-Fr Bürozeite";neu;;;;
ChIJ1baXef-ZmkcRQLdihYKEFvc;Hibatech AG - Ihr Spezialist für Badewannenrenovation, Badewannentüren & Hilfsmittel;Winterthur;8409;2;?;TBD (Crawl);?;;;;052 337 40 03;https://www.hibatech.ch/;4.7;29;5;COLD;"Trust 5: 4.7★ × 29 Reviews; M1=2: hat Website; M2+2: Mo-Fr B";neu;;;;
ChIJq9WFD6OkmkcRtvT94BuZIMg;Neukom Marzolo AG;Uster;8610;2;?;TBD (Crawl);?;;;;044 905 60 80;https://www.neukom-marzolo.ch/de;3.9;36;5;COLD;"Trust 3: 3.9★ × 36 Reviews; M1=2: hat Website; M2+2: Mo-Fr B";neu;;;;
ChIJz5NdI0SlmkcRQZzqf29gins;Ammann + Schmid;Uster;8610;2;?;TBD (Crawl);?;;;;043 399 25 99;http://www.ammann-schmid.ch/;5;32;5;COLD;"Trust 5: 5★ × 32 Reviews; M1=2: hat Website; M2+2: Mo-Fr Bür";neu;;;;
ChIJlcTO0LKkmkcRLdOMxXpLZkw;Sanitär Sunier Gmbh;Uster;8610;2;klein?;TBD (Crawl);?;;;;044 939 12 51;http://www.sunier.ch/;5;5;5;COLD;"Trust 4: 5★ × 5 Reviews; M1=2: hat Website; M2+2: Mo-Fr Büro";neu;;;;
ChIJtRYp32akmkcR0hXy8Urq3vE;Bitzer Sanitär AG;Maur;8124;2;klein?;TBD (Crawl);?;;;;044 980 18 56;http://www.bitzer-ag.ch/;5;8;5;COLD;"Trust 4: 5★ × 8 Reviews; M1=2: hat Website; M2+2: Mo-Fr Büro";neu;;;;
ChIJCX5vzexbi2AR_FENrZnMjHQ;Pro Sanitär GmbH;Uster;8610;2;klein?;TBD (Crawl);?;;;;076 682 01 01;http://www.pro-sanitaer.ch/;5;1;5;COLD;"Trust 2: 1 Reviews; M1=2: hat Website; M2+2: Mo-Fr Bürozeite";neu;;;;
ChIJfahizVK7mkcRdekdlWZup1I;IWS Ideal Wärmeservice GmbH;Uster;8610;2;klein?;TBD (Crawl);?;;;;044 942 32 88;http://www.ideal-ws.ch/;4.6;10;5;COLD;"Trust 5: 4.6★ × 10 Reviews; M1=2: hat Website; M2+2: Mo-Fr B";neu;;;;
ChIJifpudcu7mkcRD8ucfXsWH7w;Gashi Sanitärinstallationen GmbH;Wetzikon;8620;2;?;TBD (Crawl);?;;;;044 211 99 11;http://gashi-sanitaer.ch/;4.8;19;5;COLD;"Trust 5: 4.8★ × 19 Reviews; M1=2: hat Website; M2+2: Mo-Fr B";neu;;;;
ChIJY2LXexQKkEcRKuGJNR9OUuE;Julius Kamber & Co AG;Dübendorf;8600;2;?;TBD (Crawl);?;;;;044 272 69 62;http://www.juliuskamber.ch/;4.6;31;5;COLD;"Trust 5: 4.6★ × 31 Reviews; M1=2: hat Website; M2+2: Mo-Fr B";neu;;;;
ChIJH-9NRGejmkcR2MLoVkbeOT0;Stivo AG;Uster;8610;2;klein?;TBD (Crawl);?;;;;043 444 23 10;http://www.stivoag.ch/;5;5;5;COLD;"Trust 4: 5★ × 5 Reviews; M1=2: hat Website; M2+2: Mo-Fr Büro";neu;;;;
ChIJkUQI2XOjmkcR1uy760MQUYI;Moritzi Heizung GmbH;Nänikon;8606;2;?;TBD (Crawl);?;;;;043 399 07 06;http://www.moritzi-heizung.ch/;5;15;5;COLD;"Trust 5: 5★ × 15 Reviews; M1=2: hat Website; M2+2: Mo-Fr Bür";neu;;;;
ChIJ3y_arqGjmkcRRv5_lT8_FbU;MRTHaustechnik GmbH;Nänikon;8606;2;klein?;TBD (Crawl);?;;;;079 660 50 33;https://www.mrthaustechnik.ch/;5;5;5;COLD;"Trust 4: 5★ × 5 Reviews; M1=2: hat Website; M2+2: Mo-Fr Büro";neu;;;;
ChIJo-XSarGjmkcRMxJkb0Sf2KQ;Ganz Installationen AG;Volketswil;8604;2;?;TBD (Crawl);?;;;;044 908 40 00;http://www.ganz-installationen.ch/;4.3;43;5;COLD;"Trust 4: 4.3★ × 43 Reviews; M1=2: hat Website; M2+2: Mo-Fr B";neu;;;;
ChIJma2V0A-7mkcRgS6ZSATv6JM;Pestalozzi Haustechnik - Haustechcenter Shop Uster;Uster;8610;2;klein?;TBD (Crawl);?;;;;044 456 20 80;https://www.pestalozzi-haustechnik.ch/de/uster.html;4.9;8;5;COLD;"Trust 4: 4.9★ × 8 Reviews; M1=2: hat Website; M2+2: Mo-Fr Bü";neu;;;;
ChIJrQRRR_27mkcRjEnPSg01uV8;Züri Oberland Haustechnik GmbH;Wetzikon;8620;2;?;TBD (Crawl);?;;;;044 932 35 35;http://www.zo-haustechnik.ch/;5;35;5;COLD;"Trust 5: 5★ × 35 Reviews; M1=2: hat Website; M2+2: Mo-Fr Bür";neu;;;;
ChIJfTS-hZijmkcRC3xbBmBzm30;Spaeter AG;Nänikon;8606;2;?;TBD (Crawl);?;;;;044 905 56 56;https://www.spaeter.ch/;4.5;39;5;COLD;"Trust 5: 4.5★ × 39 Reviews; M1=2: hat Website; M2+2: Mo-Fr B";neu;;;;
ChIJYwWSZue7mkcRPKJ-R_5-ggk;Nüwag AG;Uster;8610;2;klein?;TBD (Crawl);?;;;;044 940 67 00;http://www.nuewag.ch/;5;1;5;COLD;"Trust 2: 1 Reviews; M1=2: hat Website; M2+2: Mo-Fr Bürozeite";neu;;;;
ChIJs5yXK6ukmkcRYGTQuQCrsaQ;Bitante Badewannenreparaturen;Uster;8610;2;?;TBD (Crawl);?;;;;043 399 03 03;http://www.bitante-badewannenreparaturen.ch/;4.8;16;5;COLD;"Trust 5: 4.8★ × 16 Reviews; M1=2: hat Website; M2+2: Mo-Fr B";neu;;;;
ChIJlQeJ6qO5mkcR0BYEmu2fMDc;Dubach AG;Hinwil;8340;2;klein?;TBD (Crawl);?;;;;044 937 36 48;http://www.dubachag.ch/;4.9;14;5;COLD;"Trust 5: 4.9★ × 14 Reviews; M1=2: hat Website; M2+2: Mo-Fr B";neu;;;;
ChIJRVOGgPFB4CcRwi23nzSAMkQ;Huus-Tech Plus GmbH;Illnau-Effretikon;8307;2;klein?;TBD (Crawl);?;;;;079 955 61 83;https://www.h-tplus.ch/;5;5;5;COLD;"Trust 4: 5★ × 5 Reviews; M1=2: hat Website; M2+2: Mo-Fr Büro";neu;;;;
ChIJU0HBaU-hmkcRfy4x-e10PNw;Bad Atelier Hollenstein GmbH;Wallisellen;8304;2;klein?;TBD (Crawl);?;;;;079 238 30 70;http://www.bad-atelier.ch/;5;3;5;COLD;"Trust 3: 5★ × 3 Reviews; M1=2: hat Website; M2+2: Mo-Fr Büro";neu;;;;
ChIJ2y5LdnW5mkcRsGo7X5CT-kw;Gübeli Sanitär AG;Hinwil;8340;2;?;TBD (Crawl);?;;;;044 937 38 39;http://www.guebelisanitaer.ch/;4.9;16;5;COLD;"Trust 5: 4.9★ × 16 Reviews; M1=2: hat Website; M2+2: Mo-Fr B";neu;;;;
ChIJMRHE_YO7mkcR3G6D8Oh8eKI;GH Sanitär GmbH;Wetzikon;8620;2;klein?;TBD (Crawl);?;;;;076 306 56 12;https://www.gh-sanitaer.ch/;5;12;5;COLD;"Trust 5: 5★ × 12 Reviews; M1=2: hat Website; M2+2: Mo-Fr Bür";neu;;;;
ChIJS9zJJoajmkcR2IJoXXkmj9M;A-Z Bauservice;Volketswil;8604;2;?;TBD (Crawl);?;;;;076 584 47 47;https://a-zbauservice.ch/;5;15;5;COLD;"Trust 5: 5★ × 15 Reviews; M1=2: hat Website; M2+2: Mo-Fr Bür";neu;;;;
ChIJ25F1rJS7mkcRZFWSfR3EpgM;A.Schleh AG;Wetzikon;8620;2;?;TBD (Crawl);?;;;;043 931 40 40;http://www.schleh.ch/;4.6;25;5;COLD;"Trust 5: 4.6★ × 25 Reviews; M1=2: hat Website; M2+2: Mo-Fr B";neu;;;;
ChIJiRkyw5e7mkcRP5biYL0nhHA;Wetter Gebäudetechnik AG;Wetzikon;8620;2;klein?;TBD (Crawl);?;;;;044 933 30 60;http://www.wetter-wetzikon.ch/;4.5;11;5;COLD;"Trust 5: 4.5★ × 11 Reviews; M1=2: hat Website; M2+2: Mo-Fr B";neu;;;;
ChIJOR6FJwC7mkcR-9xx7AH4ZAw;Inag Gebäudetechnik AG;Wetzikon;8623;2;klein?;TBD (Crawl);?;;;;044 931 70 90;http://www.inag.ag/;5;9;5;COLD;"Trust 4: 5★ × 9 Reviews; M1=2: hat Website; M2+2: Mo-Fr Büro";neu;;;;
ChIJ8zKEhbi7mkcRO0bpzlSPle0;E. Schneiter GmbH;Wetzikon;8620;2;klein?;TBD (Crawl);?;;;;044 932 78 54;http://www.schneiter-heizungen.ch/;4;4;5;COLD;"Trust 3: 4★ × 4 Reviews; M1=2: hat Website; M2+2: Mo-Fr Büro";neu;;;;
ChIJ3xY1Z6K7mkcR7OiVGWikTsU;Richner - Handwerkerzentrum;Wetzikon;8620;2;klein?;TBD (Crawl);?;;;;052 244 01 92;https://www.baubedarf-richner-miauton.ch/de/standorte/show/Wetzikon/?utm_medium=organic&utm_source=google-map&utm_campaign=gmb-channel&utm_content=richner-hwz&utm_term=wetzikon;3.7;3;5;COLD;"Trust 3: 3.7★ × 3 Reviews; M1=2: hat Website; M2+2: Mo-Fr Bü";neu;;;;
ChIJgSiAMoKxmkcRbcCCfiuVFGg;Bolter Haustechnik GmbH;Hombrechtikon;8634;2;?;TBD (Crawl);?;;;;079 259 30 17;https://www.bolterhaustechnik.ch/;4.9;30;5;COLD;"Trust 5: 4.9★ × 30 Reviews; M1=2: hat Website; M2+2: Mo-Fr B";neu;;;;
ChIJH-e49YG5mkcRxd9ClM4T-_s;Strubreither Sanitär Service und Sprühnebel Anlagen;Hinwil;8340;2;klein?;TBD (Crawl);?;;;;044 535 00 60;http://www.strubreither.ch/index.htm;5;10;5;COLD;"Trust 5: 5★ × 10 Reviews; M1=2: hat Website; M2+2: Mo-Fr Bür";neu;;;;
ChIJ1dnbu2W8mkcR9F9Yf1svfvg;Wiesendanger & Partner;Pfäffikon;8330;2;klein?;TBD (Crawl);?;;;;044 950 15 15;http://www.wpsanitaer.ch/;4.5;12;5;COLD;"Trust 5: 4.5★ × 12 Reviews; M1=2: hat Website; M2+2: Mo-Fr B";neu;;;;
ChIJBw_KuWC7mkcRXZjBrhIHihI;LeHa Haustechnik;Wetzikon;8620;2;?;TBD (Crawl);?;;;;076 281 07 80;https://leha-haustechnik.ch/;;;5;COLD;"Trust 1: auf Maps, 0 Reviews; M1=2: hat Website; M2+2: Mo-Fr";neu;;;;
ChIJc69iIce7mkcR9WgGNPb-nvg;SPÖRRI GEBÄUDETECHNIK AG;Wetzikon;8620;2;klein?;TBD (Crawl);?;;;;044 552 22 88;http://www.spgag.ch/;5;5;5;COLD;"Trust 4: 5★ × 5 Reviews; M1=2: hat Website; M2+2: Mo-Fr Büro";neu;;;;
ChIJH4mJR0q7mkcRxvIipgAEJfc;pluritec planteam gmbh;Wetzikon;8620;2;?;TBD (Crawl);?;;;;044 521 85 15;http://pluritec.ch/;;;5;COLD;"Trust 1: auf Maps, 0 Reviews; M1=2: hat Website; M2+2: Mo-Fr";neu;;;;
ChIJV3tuYlShmkcR8iXQBPRGcig;EM Aquatherm;Wetzikon;8620;2;klein?;TBD (Crawl);?;;;;043 488 08 07;https://www.em-aquatherm.ch/;5;5;5;COLD;"Trust 4: 5★ × 5 Reviews; M1=2: hat Website; M2+2: Mo-Fr Büro";neu;;;;
ChIJLd5iVze7mkcRsoI84QKFMMI;Arthur Weber AG c/o BRINER Wetzikon, Abholshop;Wetzikon;8620;2;?;TBD (Crawl);?;;;;043 495 21 21;http://www.brinerag.ch/;;;5;COLD;"Trust 1: auf Maps, 0 Reviews; M1=2: hat Website; M2+2: Mo-Fr";neu;;;;
ChIJi8CWI-28mkcRzgM1MoIdbRk;F. Tonet GmbH;Russikon;8332;2;klein?;TBD (Crawl);?;;;;044 950 38 78;http://www.ftonet.ch/;4.9;7;5;COLD;"Trust 4: 4.9★ × 7 Reviews; M1=2: hat Website; M2+2: Mo-Fr Bü";neu;;;;
ChIJ-0G3N-y7mkcRUq_T2_zQWJ8;Kaderli Kundenmaurer AG;Bäretswil;8344;2;klein?;TBD (Crawl);?;;;;044 930 10 37;http://www.kaderlikundenmaurer.ch/;5;3;5;COLD;"Trust 3: 5★ × 3 Reviews; M1=2: hat Website; M2+2: Mo-Fr Büro";neu;;;;
ChIJc8jUi3ujmkcRSzL2s36XaDg;SHAG AG;Illnau-Effretikon;8307;2;klein?;TBD (Crawl);?;;;;044 888 82 27;https://www.shag-ag.ch/;5;2;5;COLD;"Trust 2: 2 Reviews; M1=2: hat Website; M2+2: Mo-Fr Bürozeite";neu;;;;
ChIJFWA3Qvy2mkcR714xb7Y1ocY;Tschopp Sanitär AG;Rapperswil-Jona;8640;2;klein?;TBD (Crawl);?;;;;055 220 73 73;http://www.tschopp-sanitaer.ch/;4.3;6;5;COLD;"Trust 4: 4.3★ × 6 Reviews; M1=2: hat Website; M2+2: Mo-Fr Bü";neu;;;;
ChIJAeDgYvm6mkcRea8vekidwOc;Kurtisi AG;Gossau;8625;2;?;TBD (Crawl);?;;;;044 970 11 22;https://www.kurtisi-ag.ch/;4.4;19;5;COLD;"Trust 4: 4.4★ × 19 Reviews; M1=2: hat Website; M2+2: Mo-Fr B";neu;;;;
ChIJBa_wOHOhmkcRNUT5FZevsqQ;Burkhardt Gebäudetechnik AG;Dübendorf;8600;2;?;TBD (Crawl);?;;;;044 801 66 88;https://www.burkhardt.ch/;4.7;77;5;COLD;"Trust 5: 4.7★ × 77 Reviews; M1=2: hat Website; M2+2: Mo-Fr B";neu;;;;
ChIJNRPXRZihmkcR_A_XwaXZiE8;Halter Gebäudetechnik AG;Dübendorf;8600;2;?;TBD (Crawl);?;;;;044 825 15 62;https://www.halterag.ch/;4.8;18;5;COLD;"Trust 5: 4.8★ × 18 Reviews; M1=2: hat Website; M2+2: Mo-Fr B";neu;;;;
ChIJdbh_q3ShmkcRBLaga5Ag_uI;Mozzetti Sanitär AG;Dübendorf;8600;2;klein?;TBD (Crawl);?;;;;044 820 10 71;http://www.mozzettihaustechnik.ch/;5;6;5;COLD;"Trust 4: 5★ × 6 Reviews; M1=2: hat Website; M2+2: Mo-Fr Büro";neu;;;;
ChIJ32twEQKhmkcRwGxlaM74DCE;HT Haustechnik AG;Dübendorf;8600;2;klein?;TBD (Crawl);?;;;;044 201 32 32;http://www.htzh.ch/;5;13;5;COLD;"Trust 5: 5★ × 13 Reviews; M1=2: hat Website; M2+2: Mo-Fr Bür";neu;;;;
ChIJvQG_6xKhmkcRvKBAGNEBO-U;emal haustechnik ag;Dübendorf;8600;2;klein?;TBD (Crawl);?;;;;044 940 55 50;http://www.emal.ch/;5;7;5;COLD;"Trust 4: 5★ × 7 Reviews; M1=2: hat Website; M2+2: Mo-Fr Büro";neu;;;;
ChIJ62ikHy2hmkcRmMaJi2wN1N8;Badraun San. Anlagen GmbH;Fällanden;8117;2;klein?;TBD (Crawl);?;;;;044 825 32 27;http://www.badraunsanitaer.ch/;4.8;11;5;COLD;"Trust 5: 4.8★ × 11 Reviews; M1=2: hat Website; M2+2: Mo-Fr B";neu;;;;
ChIJm5V8ihtaQKoR2KaJRxFN3RU;Sanicalor AG Dübendorf;Dübendorf;8600;2;?;TBD (Crawl);?;;;;044 821 90 30;https://www.sanicalor.ch/;;;5;COLD;"Trust 1: auf Maps, 0 Reviews; M1=2: hat Website; M2+2: Mo-Fr";neu;;;;
ChIJZ2QfP7qgmkcRdB4ij6lvPdE;Guyer Wärme und Wasser AG;Zürich;8050;2;?;TBD (Crawl);?;;;;044 268 44 44;https://guyer.ch/;4.5;60;5;COLD;"Trust 5: 4.5★ × 60 Reviews; M1=2: hat Website; M2+2: Mo-Fr B";neu;;;;
ChIJw2Hx_PMJkEcRw7UZVtqiDhM;MR Gebäudetechnik AG;Dübendorf;8600;2;klein?;TBD (Crawl);?;;;;044 450 28 40;https://www.mr-gebaeudetechnik.ch/;5;2;5;COLD;"Trust 2: 2 Reviews; M1=2: hat Website; M2+2: Mo-Fr Bürozeite";neu;;;;
ChIJsYBUo8ShmkcRnYbr3JILp-I;chuchibude AG;Dübendorf;8600;2;?;TBD (Crawl);?;;;;079 773 30 72;https://chuchibude.ch/;4.9;70;5;COLD;"Trust 5: 4.9★ × 70 Reviews; M1=2: hat Website; M2+2: Mo-Fr B";neu;;;;
ChIJrc5CQeUJkEcRmk5-6aaBq-I;Luigi Casutt AG;Zürich;8002;2;?;TBD (Crawl);?;;;;044 201 50 82;https://lcasutt.ch/;4.1;18;5;COLD;"Trust 4: 4.1★ × 18 Reviews; M1=2: hat Website; M2+2: Mo-Fr B";neu;;;;
ChIJv8vbAEyhmkcR_sQETBmiATU;WBW Wir Bewegen Wasser GmbH;Dübendorf;8600;2;klein?;TBD (Crawl);?;;;;044 830 86 00;https://www.wir-bewegen-wasser.ch/;5;13;5;COLD;"Trust 5: 5★ × 13 Reviews; M1=2: hat Website; M2+2: Mo-Fr Bür";neu;;;;
ChIJw1ilGXyhmkcRVya6flvVgJ8;Bruno Meyer Heizungen AG;Dübendorf;8600;2;klein?;TBD (Crawl);?;;;;044 822 04 80;http://www.brunomeyerheizungen.ch/;5;14;5;COLD;"Trust 5: 5★ × 14 Reviews; M1=2: hat Website; M2+2: Mo-Fr Bür";neu;;;;
ChIJcZcp2d-jmkcRVjNt6Npo10o;Sanitär-Reparatur-Service, Markus Ott;Fällanden;8117;2;klein?;TBD (Crawl);?;;;;079 420 67 07;http://www.ott-sanitär.ch/;5;1;5;COLD;"Trust 2: 1 Reviews; M1=2: hat Website; M2+2: Mo-Fr Bürozeite";neu;;;;
ChIJAd9t-dKmmkcR3TKh6tQ2noE;R. Werner AG;Zürich;8053;2;?;TBD (Crawl);?;;;;044 422 06 88;https://r-werner.ch/;4.7;56;5;COLD;"Trust 5: 4.7★ × 56 Reviews; M1=2: hat Website; M2+2: Mo-Fr B";neu;;;;
ChIJg9UAL5WhmkcRnubU-2FYRzY;MB Service Haustechnik AG;Wangen-Brüttisellen;8306;2;klein?;TBD (Crawl);?;;;;043 495 51 61;https://www.mb-service.ch/;5;14;5;COLD;"Trust 5: 5★ × 14 Reviews; M1=2: hat Website; M2+2: Mo-Fr Bür";neu;;;;
ChIJn3cGmgyhmkcRj2KW6AGMDAM;H3 Haustechnik GmbH;Dübendorf;8600;2;klein?;TBD (Crawl);?;;;;079 290 81 29;https://www.h3-haustechnik.ch/?utm_source=google&utm_medium=wix_google_business_profile&utm_campaign=6015729602840516861;5;7;5;COLD;"Trust 4: 5★ × 7 Reviews; M1=3: Baukasten-Website; M2+1: erwe";neu;;;;
ChIJq6r6vnmhmkcRERPBZng9haM;HILD AG;Dübendorf;8600;2;klein?;TBD (Crawl);?;;;;044 820 80 30;https://hildag.ch/;4.7;12;5;COLD;"Trust 5: 4.7★ × 12 Reviews; M1=2: hat Website; M2+2: Mo-Fr B";neu;;;;
ChIJC1gxC0ywmkcRdLDqzBctOr4;Top Haustechnik AG;Stäfa;8712;2;?;TBD (Crawl);?;;;;043 818 09 90;http://www.tophaustechnik.ch/;5;44;5;COLD;"Trust 5: 5★ × 44 Reviews; M1=2: hat Website; M2+2: Mo-Fr Bür";neu;;;;
ChIJ99TGuUSimkcRelc1cMGey8w;Abegg Haustechnik AG;Volketswil;8604;2;klein?;TBD (Crawl);?;;;;044 946 28 88;http://www.abegghaustechnik.ch/;4.7;7;5;COLD;"Trust 4: 4.7★ × 7 Reviews; M1=2: hat Website; M2+2: Mo-Fr Bü";neu;;;;
ChIJb_4pxr6hmkcRRpMWByJtH3s;Emi AG Gebäudetechnik;Dietlikon;8305;2;?;TBD (Crawl);?;;;;044 833 16 16;https://www.emi-ag.ch/?utm_source=google&utm_medium=organic&utm_campaign=mybusiness;4.6;47;5;COLD;"Trust 5: 4.6★ × 47 Reviews; M1=2: hat Website; M2+2: Mo-Fr B";neu;;;;
ChIJ-fVe1H-gmkcRUwDuKnEJ1_s;Steger Haustechnik AG;Zürich;8050;2;?;TBD (Crawl);?;;;;044 317 80 00;http://www.steger.ch/;4.2;42;5;COLD;"Trust 4: 4.2★ × 42 Reviews; M1=2: hat Website; M2+2: Mo-Fr B";neu;;;;
ChIJcwZIegWhmkcRo038_v4eV7U;Rothacher Bauunternehmung AG;Dübendorf;8600;2;klein?;TBD (Crawl);?;;;;044 821 52 12;http://www.rothacher-bau.ch/;5;7;5;COLD;"Trust 4: 5★ × 7 Reviews; M1=2: hat Website; M2+2: Mo-Fr Büro";neu;;;;
ChIJnRyJHdehmkcRamuTaWi8ov0;E. Zapfl AG - Malergeschäft | Renovationen, Dekorative Wandgestaltung, Tapezierarbeiten, Reinigungen u.v.m.;Dübendorf;8600;2;klein?;TBD (Crawl);?;;;;078 408 17 44;https://www.zapfl-ag.ch/;5;13;5;COLD;"Trust 5: 5★ × 13 Reviews; M1=2: hat Website; M2+2: Mo-Fr Bür";neu;;;;
ChIJKe5IUWmimkcRXo70IFq7KA4;P + S Christen AG;Illnau-Effretikon;8307;2;?;TBD (Crawl);?;;;;052 355 15 15;http://www.christen-sanitaer.ch/;4.7;32;5;COLD;"Trust 5: 4.7★ × 32 Reviews; M1=2: hat Website; M2+2: Mo-Fr B";neu;;;;
ChIJ3fvj4ZHWAEkRXh5KbPb3hV4;Bath Pro - Badsanierung Zürich;Zürich;8004;2;klein?;TBD (Crawl);?;;;;044 499 03 88;https://badsanierung-zuerich.ch/;5;4;5;COLD;"Trust 3: 5★ × 4 Reviews; M1=2: hat Website; M2+2: Mo-Fr Büro";neu;;;;
ChIJdTD90Mx1kEcRCokjI-jEruk;Fierz M. AG;Bülach;8180;2;?;TBD (Crawl);?;;;;044 860 55 51;https://www.mfierzag.ch/;4.7;24;5;COLD;"Trust 5: 4.7★ × 24 Reviews; M1=2: hat Website; M2+2: Mo-Fr B";neu;;;;
ChIJHZi2aYd2kEcR_IZoCrUfG1M;Geri Müller GmbH;Bülach;8180;2;?;TBD (Crawl);?;;;;044 860 70 41;http://www.geri-mueller-haustechnik.ch/;4.7;18;5;COLD;"Trust 5: 4.7★ × 18 Reviews; M1=2: hat Website; M2+2: Mo-Fr B";neu;;;;
ChIJ2Tqfk8t1kEcRtk1f6Zmlp_c;Brunner Sanitär AG, Bachenbülach;Bachenbülach;8184;2;?;TBD (Crawl);?;;;;044 591 99 95;http://www.brunner-sanitaer.ch/;5;15;5;COLD;"Trust 5: 5★ × 15 Reviews; M1=2: hat Website; M2+2: Mo-Fr Bür";neu;;;;
ChIJN7uf-X11kEcR0m-otnfBojY;VIVAQUA AG;Bülach;8180;2;klein?;TBD (Crawl);?;;;;075 415 00 20;http://www.vivaquaag.ch/;5;5;5;COLD;"Trust 4: 5★ × 5 Reviews; M1=2: hat Website; M2+2: Mo-Fr Büro";neu;;;;
ChIJr7RHT8gLkEcR2FHNJM_mEZs;Sanitär Abazi GmbH;Bülach;8180;2;klein?;TBD (Crawl);?;;;;079 503 62 36;http://www.sanitärabazi.ch/;5;3;5;COLD;"Trust 3: 5★ × 3 Reviews; M1=2: hat Website; M2+2: Mo-Fr Büro";neu;;;;
ChIJw9T9htN1kEcRz4pYmuQLSss;Dauti-Haustechnik GmbH;Bülach;8180;2;klein?;TBD (Crawl);?;;;;043 810 60 22;https://dauti-haustechnik.ch/;4.7;11;5;COLD;"Trust 5: 4.7★ × 11 Reviews; M1=2: hat Website; M2+2: Mo-Fr B";neu;;;;
ChIJc3i3IJx1kEcRE_I5Ov0rFws;BE Sanitär GmbH;Niederglatt;8172;2;?;TBD (Crawl);?;;;;044 599 84 28;https://www.be-sanitaer.ch/;5;16;5;COLD;"Trust 5: 5★ × 16 Reviews; M1=2: hat Website; M2+2: Mo-Fr Bür";neu;;;;
ChIJjY8Hx--fmkcR-z8w-jWySpQ;Isler & Isler AG;Kloten;8302;2;klein?;TBD (Crawl);?;;;;043 255 40 20;http://isler-sanitaer.ch/;4;7;5;COLD;"Trust 4: 4★ × 7 Reviews; M1=2: hat Website; M2+2: Mo-Fr Büro";neu;;;;
ChIJ6_WDiSN3kEcRm7RdJGUCK2Q;Lee Sanitär AG;Eglisau;8193;2;klein?;TBD (Crawl);?;;;;044 867 43 33;https://www.leesanitaer.ch/;4.9;14;5;COLD;"Trust 5: 4.9★ × 14 Reviews; M1=2: hat Website; M2+2: Mo-Fr B";neu;;;;
ChIJu0SXkst1kEcROq1WWoy_aO0;Hug Baustoffe AG (Bülach) Baumaterial / Handwerkershop;Bülach;8180;2;?;TBD (Crawl);?;;;;044 863 40 60;https://hug-baustoffe.ch/;4.6;50;5;COLD;"Trust 5: 4.6★ × 50 Reviews; M1=2: hat Website; M2+2: Mo-Fr B";neu;;;;
ChIJJQxdzRd0kEcRttanSpFs5vs;Meier Sanitär/Heizung;Hochfelden;8182;2;?;TBD (Crawl);?;;;;078 871 46 54;http://www.sanitaer-hochfelden.ch/;4.8;33;5;COLD;"Trust 5: 4.8★ × 33 Reviews; M1=2: hat Website; M2+1: erweite";neu;;;;
ChIJw2u4Ded5kEcRf5UB4hVeiEw;Hans Dünki GmbH;Rafz;8197;2;?;TBD (Crawl);?;;;;044 869 13 95;http://www.duenki.ch/;4.7;50;5;COLD;"Trust 5: 4.7★ × 50 Reviews; M1=2: hat Website; M2+2: Mo-Fr B";neu;;;;
ChIJQ8lchYB2kEcR_HaHUlKDSBI;Neukom Installationen AG;Bülach;8180;2;klein?;TBD (Crawl);?;;;;044 860 75 65;http://www.neukom.com/;1.8;5;5;COLD;"Trust 2: 5 Reviews; M1=2: hat Website; M2+1: Reparatur-nah; ";neu;;;;
ChIJ24be7rJ1kEcR-BL0atT6MrY;HeizungsProfis AG;Oberglatt;8154;2;?;TBD (Crawl);?;;;;044 850 55 88;https://www.heizungsprofis.ch/;;;5;COLD;"Trust 1: auf Maps, 0 Reviews; M1=2: hat Website; M2+2: Mo-Fr";neu;;;;
ChIJzcnHBBufmkcR8YOr_N20Bjg;Lienhard + Herter AG;Embrach;8424;2;klein?;TBD (Crawl);?;;;;044 865 35 00;https://www.lienhard-herter.ch/;4.7;3;5;COLD;"Trust 3: 4.7★ × 3 Reviews; M1=2: hat Website; M2+2: Mo-Fr Bü";neu;;;;
ChIJ63YrFaihmkcR0bXcUKoVLDE;Haustechnik-Bucher GmbH;Opfikon;8152;2;klein?;TBD (Crawl);?;;;;056 670 20 93;https://www.haustechnik-bucher.ch/;5;1;5;COLD;"Trust 2: 1 Reviews; M1=2: hat Website; M2+2: Mo-Fr Bürozeite";neu;;;;
ChIJixvmhS10kEcRvf9fRUpxdu0;Rotondo U. Siegrist GmbH;Bülach;8180;2;klein?;TBD (Crawl);?;;;;044 860 78 12;http://rotondoklima.ch/;5;4;5;COLD;"Trust 3: 5★ × 4 Reviews; M1=2: hat Website; M2+2: Mo-Fr Büro";neu;;;;
ChIJZfkgOPN0kEcRWF1iY2q6USk;Studer SHK AG;Oberglatt;8154;2;?;TBD (Crawl);?;;;;044 301 22 66;http://www.studershk.ch/;4.7;15;5;COLD;"Trust 5: 4.7★ × 15 Reviews; M1=2: hat Website; M2+2: Mo-Fr B";neu;;;;
ChIJly1yZYVzkEcRUyolZphH8cU;Landert Heizungen GmbH;Neerach;8173;2;klein?;TBD (Crawl);?;;;;044 858 33 33;http://www.landert-haustechnik.ch/;5;10;5;COLD;"Trust 5: 5★ × 10 Reviews; M1=2: hat Website; M2+2: Mo-Fr Bür";neu;;;;
ChIJXeblmGCgmkcRWFBVV11YzGA;rt haustechnik GmbH;Bülach;8180;2;klein?;TBD (Crawl);?;;;;043 299 40 00;https://rt-haustechnik.digitalone.site/;4;4;5;COLD;"Trust 3: 4★ × 4 Reviews; M1=3: Baukasten-Website; M2+1: kein";neu;;;;
ChIJCYPdZEd1kEcR-_TOtXIeSY4;Fokus Haustechnik GmbH;Höri;8181;2;klein?;TBD (Crawl);?;;;;044 558 36 36;https://fokus-haustechnik.ch/;5;14;5;COLD;"Trust 5: 5★ × 14 Reviews; M1=2: hat Website; M2+2: Mo-Fr Bür";neu;;;;
ChIJDRXLu2MB_AMRUmpOhMttjC4;B + K Haustechnik GmbH;Kloten;8302;2;klein?;TBD (Crawl);?;;;;044 501 56 61;https://www.bkhaustechnik.ch/;4.2;5;5;COLD;"Trust 4: 4.2★ × 5 Reviews; M1=2: hat Website; M2+2: Mo-Fr Bü";neu;;;;
ChIJcaq4XNh1kEcRql4sfH2v1hk;AB HAUSTECHNIK GmbH;Bülach;8180;2;?;TBD (Crawl);?;;;;044 244 41 49;https://ab-haustechnik.ch/;;;5;COLD;"Trust 1: auf Maps, 0 Reviews; M1=2: hat Website; M2+2: Mo-Fr";neu;;;;
ChIJvVbYoIp1kEcRv8_Bckw8mnw;Grillo Haustechnik GmbH;Hochfelden;8182;2;klein?;TBD (Crawl);?;;;;079 222 30 90;https://www.grillo-haustechnik.ch/;5;5;5;COLD;"Trust 4: 5★ × 5 Reviews; M1=2: hat Website; M2+2: Mo-Fr Büro";neu;;;;
ChIJP19onjF1kEcRy6nOz1hXSjc;MIMTECH Engineering GmbH;Bülach;8180;2;klein?;TBD (Crawl);?;;;;044 862 90 90;http://mimtech.ch/;5;4;5;COLD;"Trust 3: 5★ × 4 Reviews; M1=2: hat Website; M2+2: Mo-Fr Büro";neu;;;;
ChIJOQbr5yF0kEcRV5FkZUgLnkQ;Sutter GmbH Schreinerei & mobile Werkstatt;Bülach;8180;2;?;TBD (Crawl);?;;;;044 862 46 00;http://www.schreinerei-sutter.ch/;5;25;5;COLD;"Trust 5: 5★ × 25 Reviews; M1=2: hat Website; M2+2: Mo-Fr Bür";neu;;;;
ChIJGcP3jxmSmkcR1wELZEznmRY;Schäfli + Dieterich AG;Frauenfeld;8500;2;?;TBD (Crawl);?;;;;052 723 30 60;http://www.haustechnet.ch/;4.5;28;5;COLD;"Trust 5: 4.5★ × 28 Reviews; M1=2: hat Website; M2+2: Mo-Fr B";neu;;;;
ChIJLyrYFyKSmkcR3JvszU5iKjE;Häfelin AG;Frauenfeld;8500;2;?;TBD (Crawl);?;;;;052 725 05 05;http://www.haefelin-ag.ch/;4.4;29;5;COLD;"Trust 4: 4.4★ × 29 Reviews; M1=2: hat Website; M2+2: Mo-Fr B";neu;;;;
ChIJz-IYQhqSmkcR7m0qr-JrZvI;Bosshard AG;Frauenfeld;8500;2;?;TBD (Crawl);?;;;;052 722 41 71;http://www.bosshard-frauenfeld.ch/;4.8;17;5;COLD;"Trust 5: 4.8★ × 17 Reviews; M1=2: hat Website; M2+2: Mo-Fr B";neu;;;;
ChIJBTu5SjONmkcRQe6SE1Bqg_k;Thur Haustechnik AG;Frauenfeld;8500;2;klein?;TBD (Crawl);?;;;;079 241 31 82;https://www.thur-haustechnik.ch/;5;9;5;COLD;"Trust 4: 5★ × 9 Reviews; M1=2: hat Website; M2+2: Mo-Fr Büro";neu;;;;
ChIJq9WDxKmRmkcRjoYoVMjCC1Y;Schütz Gebäudetechnik AG - Frauenfeld;Frauenfeld;8500;2;?;TBD (Crawl);?;;;;052 375 13 70;https://www.schuetzgebaeudetechnikag.ch/;5;17;5;COLD;"Trust 5: 5★ × 17 Reviews; M1=2: hat Website; M2+2: Mo-Fr Bür";neu;;;;
ChIJ16RIfAORmkcRKWK-Gf1J2g0;MB Haustechnik;Frauenfeld;8500;2;klein?;TBD (Crawl);?;;;;078 806 10 17;http://www.mb-haustechnik.ch/index.html;4.6;10;5;COLD;"Trust 5: 4.6★ × 10 Reviews; M1=2: hat Website; M2+2: Mo-Fr B";neu;;;;
ChIJKxjRMZGRmkcRtGqItwttAVc;Hans Keller Energietechnik AG;Frauenfeld;8500;2;klein?;TBD (Crawl);?;;;;052 720 81 60;https://www.hanskeller.ch/Home;4.9;11;5;COLD;"Trust 5: 4.9★ × 11 Reviews; M1=2: hat Website; M2+2: Mo-Fr B";neu;;;;
ChIJxf_QqR2SmkcRRKx4s-wNJXM;Angst AG, Sanitär- und Spenglerarbeiten;Frauenfeld;8500;2;klein?;TBD (Crawl);?;;;;052 721 15 05;http://www.angst-ag.ch/;4.2;12;5;COLD;"Trust 4: 4.2★ × 12 Reviews; M1=2: hat Website; M2+2: Mo-Fr B";neu;;;;
ChIJt3zld2P5pa8R9t-YCST7w9E;IQ Heizungen GmbH;Frauenfeld;8500;2;klein?;TBD (Crawl);?;;;;052 534 54 16;https://www.iq-heizungen.ch/;5;3;5;COLD;"Trust 3: 5★ × 3 Reviews; M1=2: hat Website; M2+2: Mo-Fr Büro";neu;;;;
ChIJFw1F0huSmkcRuA2ikwerW_I;M. Rellstab GmbH;Frauenfeld;8500;2;?;TBD (Crawl);?;;;;052 721 16 82;http://www.sanitaer-frauenfeld.ch/;;;5;COLD;"Trust 1: auf Maps, 0 Reviews; M1=2: hat Website; M2+2: Mo-Fr";neu;;;;
ChIJa3VTBeqRmkcRPgzIXjyoGes;Die Klimamacher AG;Frauenfeld;8500;2;klein?;TBD (Crawl);?;;;;052 728 40 00;http://www.dieklimamacher.ch/;5;2;5;COLD;"Trust 2: 2 Reviews; M1=2: hat Website; M2+2: Mo-Fr Bürozeite";neu;;;;
ChIJUeQHcXuRmkcR8uxom9BL6uk;Heizungmaterial;Frauenfeld;8500;2;klein?;TBD (Crawl);?;;;;076 733 47 04;http://www.heizungmaterial.at/;5;2;5;COLD;"Trust 2: 2 Reviews; M1=2: hat Website; M2+2: Mo-Fr Bürozeite";neu;;;;
ChIJz2GAjg6VmkcR3fILv7tpgqc;bollinger ag;Aadorf;8356;2;?;TBD (Crawl);?;;;;052 521 20 30;http://www.bollingerag.ch/;4.9;18;5;COLD;"Trust 5: 4.9★ × 18 Reviews; M1=2: hat Website; M2+2: Mo-Fr B";neu;;;;
ChIJ_7fry16TmkcRUxn8HnsC9Fg;müller & partner ag;Wängi;9545;2;?;TBD (Crawl);?;;;;052 378 17 92;http://www.müller-partner.ch/;4.9;37;5;COLD;"Trust 5: 4.9★ × 37 Reviews; M1=2: hat Website; M2+2: Mo-Fr B";neu;;;;
ChIJ6aSNz13rmkcRs1Y-YbJD6a8;Sanitär Berger GmbH;Münchwilen;9542;2;?;TBD (Crawl);?;;;;079 249 92 47;http://www.sanberger.ch/;4.9;32;5;COLD;"Trust 5: 4.9★ × 32 Reviews; M1=2: hat Website; M2+2: Mo-Fr B";neu;;;;
ChIJRQLAcoKQmkcRNpRTmluRamA;Urs Liechti GmbH;Rickenbach Sulz;8545;2;klein?;TBD (Crawl);?;;;;052 337 19 14;https://www.uliechti.ch/;3.9;7;5;COLD;"Trust 3: 3.9★ × 7 Reviews; M1=2: hat Website; M2+2: Mo-Fr Bü";neu;;;;
ChIJbemwxhqSmkcRI9WmGCWWYTg;Equans Switzerland AG;Frauenfeld;8500;2;klein?;TBD (Crawl);?;;;;052 725 29 29;https://www.equans.ch/;4.9;8;5;COLD;"Trust 4: 4.9★ × 8 Reviews; M1=2: hat Website; M2+2: Mo-Fr Bü";neu;;;;
ChIJSe95dXSUmkcReCPuYL2Zbbc;Steger AG;Aadorf;8355;2;?;TBD (Crawl);?;;;;052 368 81 81;http://www.steger.ag/;4.6;25;5;COLD;"Trust 5: 4.6★ × 25 Reviews; M1=2: hat Website; M2+2: Mo-Fr B";neu;;;;
ChIJ0RB2uvKRmkcRFmHBBEwvs_w;Ammann Haustechnik;Gachnang;8547;2;klein?;TBD (Crawl);?;;;;052 722 20 10;https://www.ihrhaustechniker.ch/ihrhaustechniker/Ammann_Haustechnik.html;5;2;5;COLD;"Trust 2: 2 Reviews; M1=2: hat Website; M2+2: Mo-Fr Bürozeite";neu;;;;
ChIJma7-XSCSmkcRJhBM0EHu0SM;SWT-Gebäudetechnik GmbH;Frauenfeld;8500;2;klein?;TBD (Crawl);?;;;;052 721 14 14;https://swt-gebaeudetechnik.ch/;5;4;5;COLD;"Trust 3: 5★ × 4 Reviews; M1=2: hat Website; M2+2: Mo-Fr Büro";neu;;;;
ChIJ05rYKgyzmkcRjZYZg3iZ3HM;Tewatec GmbH Hauptsitz Frauenfeld;Frauenfeld;8500;2;klein?;TBD (Crawl);?;;;;044 786 20 20;https://tewatec.ch/;5;3;5;COLD;"Trust 3: 5★ × 3 Reviews; M1=2: hat Website; M2+2: Mo-Fr Büro";neu;;;;
ChIJTyMrNwqTmkcRYaGhLITaIFg;Haustechnik Mathis AG;Matzingen;9548;2;?;TBD (Crawl);?;;;;052 376 15 53;http://www.mathis-sanitaer.ch/;4.9;30;5;COLD;"Trust 5: 4.9★ × 30 Reviews; M1=2: hat Website; M2+2: Mo-Fr B";neu;;;;
ChIJ5UxqatDrmkcRhyQDb-OEMtM;Aqua Fix;Wil;9500;2;klein?;TBD (Crawl);?;;;;071 912 23 23;https://www.aqua-fix.ch/;4.6;5;5;COLD;"Trust 4: 4.6★ × 5 Reviews; M1=2: hat Website; M2+2: Mo-Fr Bü";neu;;;;
ChIJwb4NlWuUmkcRmHXb0lbKhQo;db bischofberger bau gmbh;Wängi;9546;2;?;TBD (Crawl);?;;;;078 736 16 88;http://www.db-bau.ch/;5;18;5;COLD;"⚠ Gewerk prüfen · Trust 5: 5★ × 18 Reviews; M1=2: hat Website; M2+2: Mo-Fr Bür";neu;;;;
ChIJ2cPjbGmRmkcRWQvsSczpfHM;RNB Renovation Neubau GmbH;Frauenfeld;8500;2;klein?;TBD (Crawl);?;;;;079 170 90 83;https://renovationneubau.ch/;3.7;3;5;COLD;"⚠ Gewerk prüfen · Trust 3: 3.7★ × 3 Reviews; M1=2: hat Website; M2+2: Mo-Fr Bü";neu;;;;
ChIJgaIEhDothUcRckyzpmkEXQQ;Ersatzbad;Näfels;8752;2;?;TBD (Crawl);?;;;;055 612 20 97;https://www.ersatzbad.ch/;5;17;5;COLD;"Trust 5: 5★ × 17 Reviews; M1=2: hat Website; M2+2: Mo-Fr Bür";neu;;;;
ChIJEQ8ZUtn2mkcRzV1XWRCSJS4;Bär + Sohn AG;Kreuzlingen;8280;2;klein?;TBD (Crawl);?;;;;071 672 22 33;http://www.baer-sanitaer.ch/;5;14;5;COLD;"Trust 5: 5★ × 14 Reviews; M1=2: hat Website; M2+2: Mo-Fr Bür";neu;;;;
ChIJwQZYHEb3mkcRQI_9ncQ9-Pk;w studer ag;Kreuzlingen;8280;2;?;TBD (Crawl);?;;;;071 688 24 24;http://www.wstuderag.ch/;4;27;5;COLD;"Trust 4: 4★ × 27 Reviews; M1=2: hat Website; M2+2: Mo-Fr Bür";neu;;;;
ChIJWReyfkX3mkcR3X3tK6Rh2Mo;Zahn + Co. AG;Kreuzlingen;8280;2;?;TBD (Crawl);?;;;;071 686 80 60;https://haelg.ch/angebot/anlagenbau/kreuzlingen/;4.3;25;5;COLD;"Trust 4: 4.3★ × 25 Reviews; M1=2: hat Website; M2+2: Mo-Fr B";neu;;;;
ChIJZSfnC0X3mkcRteleYP9eX2c;König Heizungstechnik;Kreuzlingen;8280;2;klein?;TBD (Crawl);?;;;;071 688 22 33;http://www.koenig-heizungen.ch/;5;7;5;COLD;"Trust 4: 5★ × 7 Reviews; M1=2: hat Website; M2+2: Mo-Fr Büro";neu;;;;
ChIJS47Izvn5mkcRVV3PRjsbphg;KRIS Heizungen GmbH;Kreuzlingen;8280;2;?;TBD (Crawl);?;;;;071 688 55 02;http://www.krisheizungen.ch/?utm_source=google&utm_medium=organic&utm_campaign=gmb;5;18;5;COLD;"Trust 5: 5★ × 18 Reviews; M1=2: hat Website; M2+2: Mo-Fr Bür";neu;;;;
ChIJGyBmWtn2mkcRKbSCUH8c6dY;Burkart + Sohn AG;Kreuzlingen;8280;2;klein?;TBD (Crawl);?;;;;071 672 55 72;http://www.burkartsohn.ch/;4.7;12;5;COLD;"Trust 5: 4.7★ × 12 Reviews; M1=2: hat Website; M2+2: Mo-Fr B";neu;;;;
ChIJ43edLnb6mkcRQEn12rjrXYs;Brechbühl Sanitär AG;Illighausen;8574;2;?;TBD (Crawl);?;;;;071 688 62 75;https://www.brechbuehlsanitaer.ch/;4.9;17;5;COLD;"Trust 5: 4.9★ × 17 Reviews; M1=2: hat Website; M2+2: Mo-Fr B";neu;;;;
ChIJ38yBrDT6mkcRZPnCmMwPBQQ;Aeberhard Sanitär GmbH;Altnau;8595;2;klein?;TBD (Crawl);?;;;;071 695 18 29;https://aeberhardgmbh.ch/;5;2;5;COLD;"Trust 2: 2 Reviews; M1=2: hat Website; M2+2: Mo-Fr Bürozeite";neu;;;;
ChIJQdajqCD3mkcRGzamzKUFTSo;EQUANS Services AG;Kreuzlingen;8280;2;?;TBD (Crawl);?;;;;071 672 18 85;https://www.equans.ch/;;;5;COLD;"Trust 1: auf Maps, 0 Reviews; M1=2: hat Website; M2+2: Mo-Fr";neu;;;;
ChIJfRHMkePxmkcRv1tCO8oM45E;Tanner Heizungen AG;Weinfelden;8570;2;?;TBD (Crawl);?;;;;071 622 15 44;http://www.tanner-heizungen.ch/;5;32;5;COLD;"Trust 5: 5★ × 32 Reviews; M1=2: hat Website; M2+2: Mo-Fr Bür";neu;;;;
ChIJiQbGd1_2mkcRJ4VO7dTzoog;Fürst Heizungsbau GmbH ab 2026 Heat&Power eGbR Heizungsbau;Konstanz, Deutschland;8467;2;klein?;TBD (Crawl);?;;;;07531 63915;http://www.hp-heizungsbau.de/;5;10;5;COLD;"Trust 5: 5★ × 10 Reviews; M1=2: hat Website; M2+2: Mo-Fr Bür";neu;;;;
ChIJ26q2K972mkcRJiaOJSQ5oLg;3-Plan AG;Kreuzlingen;8280;2;klein?;TBD (Crawl);?;;;;071 677 09 90;http://www.3-plan.ch/;3.7;3;5;COLD;"Trust 3: 3.7★ × 3 Reviews; M1=2: hat Website; M2+2: Mo-Fr Bü";neu;;;;
ChIJ46KhpFD3mkcRjtczlcfWfSA;IHS Inhouse Systems AG;Kreuzlingen;8280;2;klein?;TBD (Crawl);?;;;;071 688 44 62;http://www.ihs-ag.ch/;5;1;5;COLD;"Trust 2: 1 Reviews; M1=2: hat Website; M2+2: Mo-Fr Bürozeite";neu;;;;
ChIJmdllciL3mkcRWivKUoS0TIY;Lang Energie AG;Kreuzlingen;8280;2;?;TBD (Crawl);?;;;;071 677 12 12;https://www.langenergie.ch/;4.9;23;5;COLD;"Trust 5: 4.9★ × 23 Reviews; M1=2: hat Website; M2+2: Mo-Fr B";neu;;;;
ChIJUztLoyb3mkcROHcmzMRFWEI;Schupp GmbH;Kreuzlingen;8280;2;?;TBD (Crawl);?;;;;079 636 18 93;https://www.schupp-bau.ch/;4.8;23;5;COLD;"Trust 5: 4.8★ × 23 Reviews; M1=2: hat Website; M2+2: Mo-Fr B";neu;;;;
ChIJYQuWjG32mkcRvYHqwxbBpi4;Bernd Schwörer;Konstanz, Deutschland;8467;2;klein?;TBD (Crawl);?;;;;07533 934814;http://www.schwoerer-bad.de/;4.3;12;5;COLD;"Trust 4: 4.3★ × 12 Reviews; M1=2: hat Website; M2+2: Mo-Fr B";neu;;;;
ChIJIbNNIuMdm0cRPc9oAgqv3pY;Bad und Raum GmbH;Tübach;9327;2;klein?;TBD (Crawl);?;;;;071 840 04 40;https://www.badundraum.ch/;5;14;5;COLD;"Trust 5: 5★ × 14 Reviews; M1=2: hat Website; M2+2: Mo-Fr Bür";neu;;;;
ChIJUTgvKq33mkcRhOobt3GwdKQ;AS Fugen Group GmbH;Kreuzlingen;8280;2;?;TBD (Crawl);?;;;;079 517 51 00;http://as-fugen.ch/;;;5;COLD;"Trust 1: auf Maps, 0 Reviews; M1=2: hat Website; M2+2: Mo-Fr";neu;;;;
ChIJ5ZLODSTgmkcRVziV3VJ3g9Q;InnoBAD Badsanierung St. Gallen;St. Gallen;9016;2;klein?;TBD (Crawl);?;;;;071 525 22 03;https://www.innobad.ch/;4.6;9;5;COLD;"Trust 4: 4.6★ × 9 Reviews; M1=2: hat Website; M2+2: Mo-Fr Bü";neu;;;;
ChIJLQXG7-_2mkcRABADEDjn-_U;Sommerfeld Bad•Heizung•Design;Konstanz, Deutschland;8467;2;?;TBD (Crawl);?;;;;07531 24684;http://www.badheizungdesign.com/;4.9;30;5;COLD;"Trust 5: 4.9★ × 30 Reviews; M1=2: hat Website; M2+2: Mo-Fr B";neu;;;;
ChIJjdeCs2j8mkcRKYcunjcNE6Y;Strässle Installationen AG;Amriswil;8580;2;?;TBD (Crawl);?;;;;071 414 07 70;https://www.straessle.com/;4.6;49;5;COLD;"Trust 5: 4.6★ × 49 Reviews; M1=2: hat Website; M2+2: Mo-Fr B";neu;;;;
ChIJfYSGA7L8mkcRui106AAjv4U;Egli & Roth GmbH;Amriswil;8580;2;?;TBD (Crawl);?;;;;071 411 90 20;http://www.egli-roth.ch/;4.7;22;5;COLD;"Trust 5: 4.7★ × 22 Reviews; M1=2: hat Website; M2+2: Mo-Fr B";neu;;;;
ChIJA66jurP8mkcRkt2gGy3sHeg;Gisler Albin AG;Amriswil;8580;2;klein?;TBD (Crawl);?;;;;071 411 10 85;http://www.gislerag.ch/;4.2;11;5;COLD;"Trust 4: 4.2★ × 11 Reviews; M1=2: hat Website; M2+2: Mo-Fr B";neu;;;;
ChIJo_aHNk39mkcRSWo2HofDIsM;SEMI SHL GmbH;Amriswil;8580;2;klein?;TBD (Crawl);?;;;;076 606 27 27;http://www.semi-shl.ch/;5;7;5;COLD;"Trust 4: 5★ × 7 Reviews; M1=2: hat Website; M2+2: Mo-Fr Büro";neu;;;;
ChIJiz3O5k3lmkcRKloxotqS-Mk;MS Gebäudetechnik GmbH;Amriswil;8580;2;?;TBD (Crawl);?;;;;071 410 06 49;https://ms-gebaeudetechnik.ch/;5;25;5;COLD;"Trust 5: 5★ × 25 Reviews; M1=2: hat Website; M2+2: Mo-Fr Bür";neu;;;;
ChIJyyUpF4r9mkcR5bpBvI3dcL4;AQUASANI GmbH;Amriswil;8580;2;klein?;TBD (Crawl);?;;;;071 774 00 77;https://aquasani.ch/;5;5;5;COLD;"Trust 4: 5★ × 5 Reviews; M1=2: hat Website; M2+2: Mo-Fr Büro";neu;;;;
ChIJHzjKmEXlmkcR1y8W8psJ2s4;Günter Gebäudetechnik GmbH;Zihlschlacht-Sitterdorf;8588;2;klein?;TBD (Crawl);?;;;;079 874 15 80;https://www.ggtechnik.ch/;4.2;5;5;COLD;"Trust 4: 4.2★ × 5 Reviews; M1=2: hat Website; M2+2: Mo-Fr Bü";neu;;;;
ChIJqd0aszH7mkcR5RfkVVxhPBE;Näf Installationen AG;Engishofen;8586;2;?;TBD (Crawl);?;;;;071 411 60 17;http://www.naefinstallationen.ch/;4.8;24;5;COLD;"Trust 5: 4.8★ × 24 Reviews; M1=2: hat Website; M2+2: Mo-Fr B";neu;;;;
ChIJHUFJAbLlmkcREwP-Htvn_ZM;Sanitär Sonderegger GmbH;Zihlschlacht-Sitterdorf;8589;2;klein?;TBD (Crawl);?;;;;079 374 82 67;http://www.din-sanitaer.ch/;5;4;5;COLD;"Trust 3: 5★ × 4 Reviews; M1=2: hat Website; M2+2: Mo-Fr Büro";neu;;;;
ChIJhaaqPmblmkcRJxSOCUV--i8;Wittwer Heizungen AG;Sulgen;8583;2;klein?;TBD (Crawl);?;;;;071 642 28 64;http://www.wittwerheizungen.ch/;5;6;5;COLD;"Trust 4: 5★ × 6 Reviews; M1=2: hat Website; M2+2: Mo-Fr Büro";neu;;;;
ChIJKxqlh1b8mkcRe-wADD2T5NM;Wattinger Schwendener Sanitär Heizung GmbH;Uttwil;8592;2;klein?;TBD (Crawl);?;;;;071 463 17 07;http://wattinger-schwendener.ch/;4.9;13;5;COLD;"Trust 5: 4.9★ × 13 Reviews; M1=2: hat Website; M2+1: keine Ö";neu;;;;
ChIJBUT0uEPkmkcRnektAIFou-Q;Buchmüller GmbH;Bischofszell;9220;2;klein?;TBD (Crawl);?;;;;071 422 42 59;https://buchmueller-gmbh.ch/;4.9;10;5;COLD;"Trust 5: 4.9★ × 10 Reviews; M1=2: hat Website; M2+2: Mo-Fr B";neu;;;;
ChIJGWEGCgD9mkcRLaRvjY6yS-o;ST Gebäudetechnikplaner;Amriswil;8580;2;?;TBD (Crawl);?;;;;071 411 33 73;https://stplaner.ch/;;;5;COLD;"Trust 1: auf Maps, 0 Reviews; M1=2: hat Website; M2+2: Mo-Fr";neu;;;;
ChIJIc-8CNr9mkcRFlZoWDmlQB4;Deluxe Bad (Showroom);Amriswil;8580;2;klein?;TBD (Crawl);?;;;;076 536 73 14;https://deluxe-bad.ch/;5;9;5;COLD;"Trust 4: 5★ × 9 Reviews; M1=2: hat Website; M2+2: Mo-Fr Büro";neu;;;;
ChIJu5gi3dv7mkcRrPpEDlDiOOM;DBD Duschtrennwände GmbH;Amriswil;8580;2;klein?;TBD (Crawl);?;;;;079 932 58 31;https://dbd-gmbh.ch/;5;5;5;COLD;"Trust 4: 5★ × 5 Reviews; M1=2: hat Website; M2+2: Mo-Fr Büro";neu;;;;
ChIJ8S3icFDjmkcRW9UtF7imai0;Vonarburg Keramik;Amriswil;8580;2;klein?;TBD (Crawl);?;;;;079 282 87 87;https://www.vonarburg-keramik.ch/;5;10;5;COLD;"Trust 5: 5★ × 10 Reviews; M1=2: hat Website; M2+2: Mo-Fr Bür";neu;;;;
ChIJ6dMvvCLn6CURGkQ8Z2aXEhE;Bausanierung Hunsche;Arbon;9320;2;klein?;TBD (Crawl);?;;;;077 968 41 37;https://www.hunsche.ch/;5;7;5;COLD;"Trust 4: 5★ × 7 Reviews; M1=2: hat Website; M2+2: Mo-Fr Büro";neu;;;;
ChIJcSUxKenzmkcR8cY_y0UvBHw;Silvano Jud;Weinfelden;8570;2;klein?;TBD (Crawl);?;;;;071 622 45 40;http://www.silvanojud.ch/;5;7;5;COLD;"Trust 4: 5★ × 7 Reviews; M1=2: hat Website; M2+2: Mo-Fr Büro";neu;;;;
ChIJ_eYZI9_xmkcRGtuEEEQe9t0;top team sanitaer installations gmbh;Weinfelden;8570;2;?;TBD (Crawl);?;;;;071 626 40 50;http://www.topsan.ch/;4.4;17;5;COLD;"Trust 4: 4.4★ × 17 Reviews; M1=2: hat Website; M2+2: Mo-Fr B";neu;;;;
ChIJ6Q6-l7fxmkcRrUmWzE3MhwA;Anderes Heizungstechnik AG;Weinfelden;8570;2;?;TBD (Crawl);?;;;;071 622 44 90;http://www.anderesheizungen.ch/;;;5;COLD;"Trust 1: auf Maps, 0 Reviews; M1=2: hat Website; M2+2: Mo-Fr";neu;;;;
ChIJoY8ls0LymkcRIVEUP_rk-No;Häberlin Gebäudetechnik GmbH;Märstetten;8560;2;klein?;TBD (Crawl);?;;;;071 657 13 30;http://www.haeberlin-technik.ch/;5;7;5;COLD;"Trust 4: 5★ × 7 Reviews; M1=2: hat Website; M2+2: Mo-Fr Büro";neu;;;;
ChIJ-9chvXOLmkcRFDPEyUOdp1A;Staub Heizungen AG;Steckborn;8266;2;?;TBD (Crawl);?;;;;052 762 01 80;http://www.staub-heizungen.ch/;4.8;38;5;COLD;"Trust 5: 4.8★ × 38 Reviews; M1=2: hat Website; M2+2: Mo-Fr B";neu;;;;
ChIJecfV79ftmkcRhU9jXXZYgg0;Gebäudetechnik Bründler GmbH Märwil;Märwil;9562;2;?;TBD (Crawl);?;;;;078 708 27 58;http://www.bruendler-maerwil.ch/;4.7;35;5;COLD;"Trust 5: 4.7★ × 35 Reviews; M1=2: hat Website; M2+2: Mo-Fr B";neu;;;;
ChIJ7R-q0tjxmkcRTpm7woCYz7o;Unical AG;Weinfelden;8570;2;klein?;TBD (Crawl);?;;;;071 622 30 15;https://www.unicalag.ch/kontakt.html;2.6;5;5;COLD;"Trust 2: 5 Reviews; M1=2: hat Website; M2+2: Mo-Fr Bürozeite";neu;;;;
ChIJ5W4JqyDvmkcRFwLEfZk73qg;Baumann Gebäudetechnik AG;Bürglen;8575;2;klein?;TBD (Crawl);?;;;;071 633 12 48;http://www.baumann-gebaeudetechnik.ch/;4.5;2;5;COLD;"Trust 2: 2 Reviews; M1=2: hat Website; M2+2: Mo-Fr Bürozeite";neu;;;;
ChIJbf4yaNnxmkcRzAamKEEpyZI;Elcotherm AG (Servicestelle);Weinfelden;8570;2;klein?;TBD (Crawl);?;;;;0848 808 808;http://www.elco.ch/;1;1;5;COLD;"Trust 2: 1 Reviews; M1=2: hat Website; M2+2: Mo-Fr Bürozeite";neu;;;;
ChIJeycs9Qsdm0cRpA6tpi8OpDo;Haustechnik Eugster AG;Arbon;9320;2;?;TBD (Crawl);?;;;;071 454 60 60;https://haustechnik-eugster.ch/;4.7;57;5;COLD;"Trust 5: 4.7★ × 57 Reviews; M1=2: hat Website; M2+2: Mo-Fr B";neu;;;;
ChIJMVWhdq7FkUcR0M_fWVbDZCc;Haustec GmbH;Büsserach;4227;2;klein?;TBD (Crawl);?;;;;061 530 00 01;http://www.haus-tec.ch/;5;10;5;COLD;"Trust 5: 5★ × 10 Reviews; M1=2: hat Website; M2+2: Mo-Fr Bür";neu;;;;
ChIJGd1xyWnrmkcRvctmbpEHo0w;Eisenbart + Partner AG;Eschlikon;8360;2;klein?;TBD (Crawl);?;;;;071 966 47 26;https://www.eisenbart-partner.ch/;4.6;11;5;COLD;"Trust 5: 4.6★ × 11 Reviews; M1=2: hat Website; M2+2: Mo-Fr B";neu;;;;
ChIJMxjXlQYdm0cREKCDv3GVJl4;Heizwerk Arbon GmbH;Arbon;9320;2;klein?;TBD (Crawl);?;;;;076 538 23 22;https://www.heizwerk-arbon.ch/;5;8;5;COLD;"Trust 4: 5★ × 8 Reviews; M1=2: hat Website; M2+2: Mo-Fr Büro";neu;;;;
ChIJRSUYaK_imkcRUIqPd-vY8lY;Berliat AG;Neukirch (Egnach);9315;2;?;TBD (Crawl);?;;;;071 477 13 07;http://berliat-ag.ch/;5;31;5;COLD;"Trust 5: 5★ × 31 Reviews; M1=2: hat Website; M2+2: Mo-Fr Bür";neu;;;;
ChIJ63w4R_4cm0cR6Wu3nYTVtpY;ABAG Ablauf- und Rohrreinigungs AG;Arbon;9320;2;?;TBD (Crawl);?;;;;071 277 80 88;http://abag-sg.ch/;4.1;57;5;COLD;"Trust 4: 4.1★ × 57 Reviews; M1=2: hat Website; M2+2: Mo-Fr B";neu;;;;
ChIJH4At2ZEbm0cRIYgEmHhND8o;Hurni Heizungen GmbH;Goldach;9403;2;klein?;TBD (Crawl);?;;;;071 841 20 03;http://www.hurni-heizungen.ch/;5;12;5;COLD;"Trust 5: 5★ × 12 Reviews; M1=2: hat Website; M2+2: Mo-Fr Bür";neu;;;;
ChIJybN8e_Qem0cRlhBSQsdJQs0;John Sanitär AG;St. Gallen;9000;2;?;TBD (Crawl);?;;;;071 244 56 79;http://www.john-sanitaer.ch/;5;24;5;COLD;"Trust 5: 5★ × 24 Reviews; M1=2: hat Website; M2+2: Mo-Fr Bür";neu;;;;
ChIJK7wYVYMbm0cRdawznqpzFOk;Lengweiler Heizungen GmbH;Goldach;9403;2;?;TBD (Crawl);?;;;;079 221 33 65;https://www.lengweiler-heizungen.ch/;5;15;5;COLD;"Trust 5: 5★ × 15 Reviews; M1=2: hat Website; M2+2: Mo-Fr Bür";neu;;;;
ChIJc-vhBx8cm0cRxpZ1stwRNSQ;Fürer AG;Mörschwil;9402;2;?;TBD (Crawl);?;;;;071 858 20 10;http://www.fuerer.ch/;4.6;28;5;COLD;"Trust 5: 4.6★ × 28 Reviews; M1=2: hat Website; M2+2: Mo-Fr B";neu;;;;
ChIJVyT-OLMbm0cRxDAdZJ6LpxM;Mayer Haustechnik AG;Rorschach;9400;2;?;TBD (Crawl);?;;;;071 841 51 61;http://www.mayro.ch/;4.9;40;5;COLD;"Trust 5: 4.9★ × 40 Reviews; M1=2: hat Website; M2+1: Reparat";neu;;;;
ChIJF3fXWJYbm0cR8bPn-Z318AY;Hagmann AG;Rorschach;9400;2;klein?;TBD (Crawl);?;;;;071 844 19 20;http://www.hagmannag.ch/;5;8;5;COLD;"Trust 4: 5★ × 8 Reviews; M1=2: hat Website; M2+2: Mo-Fr Büro";neu;;;;
ChIJY0emQZYbm0cR0mF0n8TYnd8;Franke Carl Haustechnik AG;Rorschach;9400;2;klein?;TBD (Crawl);?;;;;071 841 60 46;http://www.carl-franke.ch/;4.6;13;5;COLD;"Trust 5: 4.6★ × 13 Reviews; M1=2: hat Website; M2+2: Mo-Fr B";neu;;;;
ChIJVVVVVRH9mkcRXJZyfUjaieo;Regiotherm AG;Romanshorn;8590;2;klein?;TBD (Crawl);?;;;;071 466 60 10;https://regiotherm.ch/heizsysteme/;4.5;12;5;COLD;"Trust 5: 4.5★ × 12 Reviews; M1=2: hat Website; M2+2: Mo-Fr B";neu;;;;
ChIJFTRJQLb9mkcRRuLeE9BNdos;ackermann ag;Egnach;9322;2;?;TBD (Crawl);?;;;;071 477 14 17;https://www.hlks-planung.ch/;;;5;COLD;"Trust 1: auf Maps, 0 Reviews; M1=2: hat Website; M2+2: Mo-Fr";neu;;;;
ChIJ8QpuToAcm0cRAyRKMP80lG8;Haustechnik EP;Horn;9326;2;?;TBD (Crawl);?;;;;0848 100 908;http://www.haustechnik-ep.ch/;;;5;COLD;"Trust 1: auf Maps, 0 Reviews; M1=2: hat Website; M2+2: Mo-Fr";neu;;;;
ChIJpSssz3H4mkcRM706_eUd7Zc;Philip Bad und Haustechnik;Meersburg, Deutschland;8709;2;?;TBD (Crawl);?;;;;07532 6368;http://www.philip-bad.de/;4.9;22;5;COLD;"Trust 5: 4.9★ × 22 Reviews; M1=2: hat Website; M2+2: Mo-Fr B";neu;;;;
ChIJFXRMrNiZmkcRhMyadUPvllE;Kirol GmbH;Aadorf;8355;2;klein?;TBD (Crawl);?;;;;052 536 00 97;http://www.kirol.ch/;5;6;5;COLD;"Trust 4: 5★ × 6 Reviews; M1=2: hat Website; M2+2: Mo-Fr Büro";neu;;;;
ChIJJTpQZd2VmkcRplIsEe90_FM;Holling Services;Guntershausen;8357;2;?;TBD (Crawl);?;;;;078 422 47 77;https://www.holling.ch/;4.3;23;5;COLD;"Trust 4: 4.3★ × 23 Reviews; M1=2: hat Website; M2+2: Mo-Fr B";neu;;;;
ChIJCYrVtbjqmkcRJTrmcc3H6CU;Brühwiler Sanitär AG;Oberwangen;8374;2;klein?;TBD (Crawl);?;;;;071 977 13 73;http://www.bso-ag.ch/;4.9;7;5;COLD;"Trust 4: 4.9★ × 7 Reviews; M1=2: hat Website; M2+2: Mo-Fr Bü";neu;;;;
ChIJzVNG2t-VmkcRoUv6GttV-7c;planerteam GmbH;Aadorf;8355;2;klein?;TBD (Crawl);?;;;;052 521 21 11;https://www.planerteam.ch/;4.8;8;5;COLD;"Trust 4: 4.8★ × 8 Reviews; M1=2: hat Website; M2+2: Mo-Fr Bü";neu;;;;
ChIJQ7Tgzq6WmkcRRIfDc-lzXPU;Baier Haustechnik Inhaber Vincenzo Paternò;Elgg;8353;2;?;TBD (Crawl);?;;;;052 364 17 72;http://www.baier-elgg.ch/;4.8;24;5;COLD;"Trust 5: 4.8★ × 24 Reviews; M1=2: hat Website; M2+2: Mo-Fr B";neu;;;;
ChIJ_6jhsuOXmkcRgUCBdAMQCoA;NalioTherm GmbH;Elgg;8353;2;klein?;TBD (Crawl);?;;;;052 364 33 44;https://www.naliotherm.ch/;5;5;5;COLD;"Trust 4: 5★ × 5 Reviews; M1=2: hat Website; M2+2: Mo-Fr Büro";neu;;;;
ChIJrXBPpNiUmkcRlYZVKv9ciXk;Münger Ralph AG;Balterswil TG;8362;2;klein?;TBD (Crawl);?;;;;071 971 16 64;http://www.ralphmuenger.ch/Home;5;12;5;COLD;"Trust 5: 5★ × 12 Reviews; M1=2: hat Website; M2+2: Mo-Fr Bür";neu;;;;
ChIJJ7fNzq6WmkcRvz6QCSN5tbk;Peluso & Partner GmbH;Elgg;8353;2;klein?;TBD (Crawl);?;;;;052 366 12 88;http://www.peluso.ch/;5;8;5;COLD;"Trust 4: 5★ × 8 Reviews; M1=2: hat Website; M2+2: Mo-Fr Büro";neu;;;;
ChIJBTGRIQmTmkcR74ydee0tdSc;Künzi Haustechnik AG;Matzingen;9548;2;klein?;TBD (Crawl);?;;;;052 376 41 50;https://kuenzi-haustechnik.ch/;5;12;5;COLD;"Trust 5: 5★ × 12 Reviews; M1=2: hat Website; M2+2: Mo-Fr Bür";neu;;;;
ChIJ4ct72nWUmkcRHJkrO4KqM8g;Schütz Gebäudetechnik AG - Aadorf;Aadorf;8355;2;?;TBD (Crawl);?;;;;052 365 18 19;http://www.schuetzheizungsbau.ch/;;;5;COLD;"Trust 1: auf Maps, 0 Reviews; M1=2: hat Website; M2+2: Mo-Fr";neu;;;;
ChIJb4WGi6yWmkcRk-RPhy9oPYE;Jaeggi Gmünder Energietechnik AG;Elgg;8353;2;klein?;TBD (Crawl);?;;;;052 368 68 50;http://www.jge.ch/;4.5;13;5;COLD;"Trust 5: 4.5★ × 13 Reviews; M1=2: hat Website; M2+2: Mo-Fr B";neu;;;;
ChIJI_Yzr6CTmkcRU0ZRNa43b4I;Heim AG Solarsysteme;Aadorf;8355;2;klein?;TBD (Crawl);?;;;;052 368 30 20;https://www.heim-ag.ch/solarsysteme/;5;6;5;COLD;"Trust 4: 5★ × 6 Reviews; M1=2: hat Website; M2+2: Mo-Fr Büro";neu;;;;
ChIJj5ULzq3rmkcRPHlLqsb-vkE;Quinter & von Ah - Heizungen und Feuerungen;Busswil TG;8371;2;klein?;TBD (Crawl);?;;;;071 923 82 27;https://www.heizung-en.ch/;5;5;5;COLD;"Trust 4: 5★ × 5 Reviews; M1=2: hat Website; M2+2: Mo-Fr Büro";neu;;;;
ChIJXQtCA62WmkcRapqSOkg8_dg;Lehmann Söhne GmbH;Elgg;8353;2;klein?;TBD (Crawl);?;;;;052 364 24 42;https://www.lehmann-heizungen.ch/;4;2;5;COLD;"Trust 2: 2 Reviews; M1=2: hat Website; M2+2: Mo-Fr Bürozeite";neu;;;;
ChIJodgTgnWUmkcRN7szFgmDSao;Scheco Entwässerungstechnik AG;Aadorf;8355;2;klein?;TBD (Crawl);?;;;;052 368 08 80;http://www.scheco-ent.ch/;4.3;12;5;COLD;"Trust 4: 4.3★ × 12 Reviews; M1=2: hat Website; M2+2: Mo-Fr B";neu;;;;
ChIJkeun-i3rmkcRvfuQMfkJIuc;ELO HAUSTECHNIK GMBH;Münchwilen;9542;2;?;TBD (Crawl);?;;;;079 951 95 95;http://www.elo-haustechnik.ch/;5;17;5;COLD;"Trust 5: 5★ × 17 Reviews; M1=2: hat Website; M2+2: Mo-Fr Bür";neu;;;;
ChIJq6rqnx6ZmkcRWSKghU39cPE;OMEGA Haustechnik GmbH;Gundetswil;8543;2;klein?;TBD (Crawl);?;;;;052 366 51 51;https://www.omega-haustechnik.ch/;5;4;5;COLD;"Trust 3: 5★ × 4 Reviews; M1=2: hat Website; M2+2: Mo-Fr Büro";neu;;;;
ChIJl8QTUcDrmkcRyjxHDyfp0JA;Aljiti Haustechnik GmbH;Wil;9500;2;klein?;TBD (Crawl);?;;;;076 229 19 95;http://www.aljiti-haustechnik.ch/;4.9;8;5;COLD;"Trust 4: 4.9★ × 8 Reviews; M1=2: hat Website; M2+2: Mo-Fr Bü";neu;;;;
ChIJCcIdZcvrmkcR2uHW4jKOQKQ;Kolic Haustechnik GmbH;Sirnach;8370;2;klein?;TBD (Crawl);?;;;;076 511 29 10;http://www.kolic.ch/;5;4;5;COLD;"Trust 3: 5★ × 4 Reviews; M1=2: hat Website; M2+2: Mo-Fr Büro";neu;;;;
ChIJnxIapBKZmkcRWitPll6697w;Schorr Sanitär GmbH;Winterthur;8406;2;?;TBD (Crawl);?;;;;052 202 10 92;https://www.schorr.ch/;4.9;72;4;COLD;"Trust 5: 4.9★ × 72 Reviews; M1=2: hat Website; M2+1: keine Ö";neu;;;;
ChIJcahUdEeZmkcRXzvIUqUECv8;Elto AG Sanitär Winterthur | Sanitär - Heizung - Haustechnik;Winterthur;8400;2;?;TBD (Crawl);?;;;;;https://eltoag.ch/;4.8;17;4;COLD;"Trust 5: 4.8★ × 17 Reviews; M1=2: hat Website; M2+1: keine Ö";neu;;;;
ChIJgYN_YzKZmkcRm635zQFTbIY;Intech Sanitär GmbH;Winterthur;8406;2;klein?;TBD (Crawl);?;;;;078 244 71 19;http://www.intech-sanitaer.ch/;5;3;4;COLD;"Trust 3: 5★ × 3 Reviews; M1=2: hat Website; M2+1: erweitert,";neu;;;;
ChIJhR7rllGZmkcRAd3JRcQzsoY;Paul Herzog AG;Winterthur;8408;2;?;TBD (Crawl);?;;;;052 222 91 21;http://www.paulherzogag.ch/;3.9;18;4;COLD;"Trust 3: 3.9★ × 18 Reviews; M1=2: hat Website; M2+1: keine Ö";neu;;;;
ChIJeaBxzEmZmkcRtr_ksDvG9KM;BADEKO - Badplanung & Montage;Winterthur;8400;2;klein?;TBD (Crawl);?;;;;052 551 02 12;https://badeko.ch/;5;7;4;COLD;"Trust 4: 5★ × 7 Reviews; M1=2: hat Website; M2+1: erweitert,";neu;;;;
ChIJD67cyAOcmkcRN1doLmHzWps;arbatherm ag;Winterthur;8408;2;klein?;TBD (Crawl);?;;;;052 222 90 21;http://www.arbatherm.ch/;4.3;4;4;COLD;"Trust 3: 4.3★ × 4 Reviews; M1=2: hat Website; M2+1: keine Öf";neu;;;;
ChIJY95jlXOZmkcRzEy5mal7EX8;Russo Haustechnik Planung GmbH;Winterthur;8400;2;klein?;TBD (Crawl);?;;;;052 555 02 02;https://www.russo-htp.ch/;5;1;4;COLD;"Trust 2: 1 Reviews; M1=2: hat Website; M2+1: keine Öffnungsz";neu;;;;
ChIJacZLFP-lmkcRUkKM0E9F6Rg;Colapelle - Sanitär, Heizung & Lüftung;Maur;8123;2;?;TBD (Crawl);?;;;;076 575 06 14;https://www.colapelle-sanitaer.ch/;5;143;4;COLD;"Trust 5: 5★ × 143 Reviews; M1=2: hat Website; M2+2: Mo-Fr Bü";neu;;;;
ChIJwXSr2yzp-UsRX_U06szfWTQ;Bassler HausTechCare;Uster;8610;2;?;TBD (Crawl);?;;;;076 534 57 87;https://www.bassler-haustechcare.ch/;5;26;4;COLD;"Trust 5: 5★ × 26 Reviews; M1=2: hat Website; M2+1: erweitert";neu;;;;
ChIJP9H2-c6lmkcRpFi_tbU3S7Y;Legler Sanitär;Uster;8610;2;klein?;TBD (Crawl);?;;;;079 678 95 43;http://www.leglersanitaer.ch/;5;2;4;COLD;"Trust 2: 2 Reviews; M1=2: hat Website; M2+1: keine Öffnungsz";neu;;;;
ChIJZ6KaWKmkmkcRIeLCKPYFoHE;Grimm + Kreutzer GmbH;Uster;8610;2;klein?;TBD (Crawl);?;;;;043 366 53 54;http://grimm-kreutzer.ch/;4.3;4;4;COLD;"Trust 3: 4.3★ × 4 Reviews; M1=2: hat Website; M2+1: keine Öf";neu;;;;
ChIJmc3dT2ejmkcRb7gxZHitcdc;Eisenhart AG, Elektrische Heizungen, Apparatebau;Uster;8610;2;klein?;TBD (Crawl);?;;;;044 945 42 51;http://www.eisenhart.ch/;5;1;4;COLD;"Trust 2: 1 Reviews; M1=2: hat Website; M2+1: keine Öffnungsz";neu;;;;
ChIJfahizVK7mkcRjEi40uaXAoo;Planungsgemeinschaft Haustechnik;Uster;8610;2;klein?;TBD (Crawl);?;;;;044 941 11 12;http://www.plg.ch/;5;1;4;COLD;"Trust 2: 1 Reviews; M1=2: hat Website; M2+1: keine Öffnungsz";neu;;;;
ChIJf0Awom-jmkcRBtRVpb3Z8wk;Viterma Badsanierung;Volketswil;8604;2;?;TBD (Crawl);?;;;;0800 248 833;https://www.viterma.com/standort/badsanierung-volketswil/?utm_source=googlemybusiness&utm_medium=organic;4.4;20;4;COLD;"Trust 4: 4.4★ × 20 Reviews; M1=2: hat Website; M2+1: erweite";neu;;;;
ChIJwzBFeFihmkcRn1C00bKvfqA;Dino Sanitär GmbH;Fällanden;8117;2;?;TBD (Crawl);?;;;;078 637 62 10;https://www.dinosanitaer.ch/;4.4;19;4;COLD;"Trust 4: 4.4★ × 19 Reviews; M1=2: hat Website; M2+1: keine Ö";neu;;;;
ChIJ2_CD8hwNkEcRZuQbpZpkIAs;Elka das Baukollektiv;Wallisellen;8304;2;?;TBD (Crawl);?;;;;044 830 33 44;https://www.elka-bau.ch/;5;24;4;COLD;"Trust 5: 5★ × 24 Reviews; M1=2: hat Website; M2+1: erweitert";neu;;;;
ChIJn5vR1gJ2kEcRpigN6MfkN_Q;Ferri Haustechnik GmbH;Wetzikon;8620;2;klein?;TBD (Crawl);?;;;;044 939 15 81;http://www.ferri-gmbh.ch/;5;2;4;COLD;"Trust 2: 2 Reviews; M1=2: hat Website; M2+1: erweitert, nich";neu;;;;
ChIJh42Vz3S7mkcRNMf6qxbiZR4;Thoma Heizungen AG;Wetzikon;8620;2;klein?;TBD (Crawl);?;;;;044 932 36 69;http://www.thoma-heizungen.ch/;5;6;4;COLD;"Trust 4: 5★ × 6 Reviews; M1=2: hat Website; M2+1: keine Öffn";neu;;;;
ChIJT-xY9cG7mkcRlXS8PSfoCtQ;Fritz Gloor AG;Wetzikon;8620;2;klein?;TBD (Crawl);?;;;;044 938 33 33;http://www.gloor-ing.ch/;4.7;3;4;COLD;"Trust 3: 4.7★ × 3 Reviews; M1=2: hat Website; M2+1: keine Öf";neu;;;;
ChIJT-gccMK7mkcR4_UA99fteTE;Bms 3 Haustechnik Und Planung Gmbh;Wetzikon;8620;2;?;TBD (Crawl);?;;;;;http://bms3.ch/;;;4;COLD;"Trust 1: auf Maps, 0 Reviews; M1=2: hat Website; M2+2: Mo-Fr";neu;;;;
ChIJVVXlkXy3mkcRptKvohm5MGI;Plättli Plus GmbH;Wetzikon;8620;2;klein?;TBD (Crawl);?;;;;076 336 67 93;http://www.plaettli-plus.ch/;5;9;4;COLD;"Trust 4: 5★ × 9 Reviews; M1=2: hat Website; M2+1: keine Öffn";neu;;;;
ChIJQ-jspHC7mkcRqNL9zhO73bg;Käser AG;Seegräben;8607;2;klein?;TBD (Crawl);?;;;;044 932 17 17;http://kaeser-ag.ch/;4;5;4;COLD;"Trust 4: 4★ × 5 Reviews; M1=2: hat Website; M2+1: keine Öffn";neu;;;;
ChIJweIPYBGhmkcRgnZyLzde_7E;DM GmbH;Dübendorf;8600;2;klein?;TBD (Crawl);?;;;;043 543 10 70;https://www.dm-gmbh.ch/;4.8;8;4;COLD;"Trust 4: 4.8★ × 8 Reviews; M1=2: hat Website; M2+1: erweiter";neu;;;;
ChIJZTCtZaehmkcRManDVxkf3Jg;Heierli Partner Haustechnik AG;Dübendorf;8600;2;klein?;TBD (Crawl);?;;;;044 802 80 70;https://www.heierlipartner.ch/;3.8;10;4;COLD;"Trust 3: 3.8★ × 10 Reviews; M1=2: hat Website; M2+1: keine Ö";neu;;;;
ChIJK3bTvMGhmkcRnkui4-gwXas;Sanitär Krucker AG;Wangen-Brüttisellen;8306;2;?;TBD (Crawl);?;;;;044 833 35 33;http://www.sanitaer-krucker.ch/;5;22;4;COLD;"Trust 5: 5★ × 22 Reviews; M1=2: hat Website; M2+1: keine Öff";neu;;;;
ChIJmz1WtgihmkcRJjc1JiFPeZs;s3 GmbH;Dübendorf;8600;2;klein?;TBD (Crawl);?;;;;044 244 46 44;https://s3-engineering.ch/de;5;13;4;COLD;"Trust 5: 5★ × 13 Reviews; M1=2: hat Website; M2+1: keine Öff";neu;;;;
ChIJg47ub1ihmkcRgivfRY8EJ4Q;Attinger;Fällanden;8117;2;klein?;TBD (Crawl);?;;;;044 825 31 48;http://www.sanitaer-attinger.ch/;5;1;4;COLD;"Trust 2: 1 Reviews; M1=2: hat Website; M2+1: keine Öffnungsz";neu;;;;
ChIJjcGKE5WhmkcRSpddSTBlxy4;Hr. Meier Partner AG;Wangen-Brüttisellen;8306;2;klein?;TBD (Crawl);?;;;;044 833 14 24;https://www.hrmeier.ch/;4.8;4;4;COLD;"Trust 3: 4.8★ × 4 Reviews; M1=2: hat Website; M2+1: keine Öf";neu;;;;
ChIJv24i2tt1kEcRRN_uPcM60yg;Dünki Marcel;Bülach;8180;2;?;TBD (Crawl);?;;;;079 752 75 14;http://www.sanitaerservice.ch/;;;4;COLD;"Trust 1: auf Maps, 0 Reviews; M1=2: hat Website; M2+1: keine";neu;;;;
ChIJt_LHF-6fmkcRxdPTYdoU9JA;Hans Spillmann AG;Kloten;8302;2;klein?;TBD (Crawl);?;;;;044 814 25 95;http://www.spillmannag.ch/;3;6;4;COLD;"Trust 2: 6 Reviews; M1=2: hat Website; M2+1: keine Öffnungsz";neu;;;;
ChIJEw4X5O91kEcRWzSChoIQ6ic;Serwil GmbH;Opfikon;8152;2;?;TBD (Crawl);?;;;;;https://serwil.ch/;4.4;37;4;COLD;"Trust 4: 4.4★ × 37 Reviews; M1=2: hat Website; M2+2: Mo-Fr B";neu;;;;
ChIJV_Y4HUSSmkcRaRwWr2LdLjQ;Schreiber GmbH;Frauenfeld;8500;2;klein?;TBD (Crawl);?;;;;052 730 11 51;http://schreibergmbh.ch/;3;2;4;COLD;"Trust 2: 2 Reviews; M1=2: hat Website; M2+1: erweitert, nich";neu;;;;
ChIJ91YacbWNmkcR8T-lmV3HzPA;Thurtech Gebäudetechnik GmbH;Felben-Wellhausen;8552;2;klein?;TBD (Crawl);?;;;;052 765 27 22;https://thurtech.ch/;5;1;4;COLD;"Trust 2: 1 Reviews; M1=2: hat Website; M2+1: erweitert, nich";neu;;;;
ChIJYWU4lBuSmkcRqu3nF9xRy30;Dünki Wärmetechnik GmbH;Frauenfeld;8500;2;?;TBD (Crawl);?;;;;052 720 12 03;http://www.dünki-wärmetechnik.ch/;5;35;4;COLD;"Trust 5: 5★ × 35 Reviews; M1=2: hat Website; M2+1: keine Öff";neu;;;;
ChIJc0HDMsWbmkcRBJcmZuyVvog;Rupper Energietechnik GmbH;Wiesendangen;8542;2;klein?;TBD (Crawl);?;;;;052 242 80 77;http://www.rupper-energietechnik.ch/;5;1;4;COLD;"Trust 2: 1 Reviews; M1=2: hat Website; M2+1: keine Öffnungsz";neu;;;;
ChIJXcLYeTj3mkcRiSXlwmW4Ysw;Kocherhans AG;Kreuzlingen;8280;2;?;TBD (Crawl);?;;;;071 686 70 50;https://www.kocherhans.ch/;4.3;64;4;COLD;"Trust 4: 4.3★ × 64 Reviews; M1=2: hat Website; M2+1: erweite";neu;;;;
ChIJzWevXGL2mkcRhy7N2qCHZo0;F.X. RUCH KG;Konstanz-Industriegebiet, Deutschland;8467;2;?;TBD (Crawl);?;;;;07531 8926990;http://www.fxruch.de/;4;19;4;COLD;"Trust 4: 4★ × 19 Reviews; M1=2: hat Website; M2+1: erweitert";neu;;;;
ChIJFxf-E0H3mkcRKfGVyeTXfXA;OSHT Haustechnik GmbH;Kreuzlingen;8280;2;?;TBD (Crawl);?;;;;076 227 62 86;https://www.osht.ch/;4.9;31;4;COLD;"Trust 5: 4.9★ × 31 Reviews; M1=2: hat Website; M2+1: erweite";neu;;;;
ChIJjebzADn3mkcR1xUhtnKFNag;Mountair AG;Kreuzlingen;8280;2;klein?;TBD (Crawl);?;;;;071 686 64 64;http://www.mountair.com/;4.7;3;4;COLD;"Trust 3: 4.7★ × 3 Reviews; M1=2: hat Website; M2+1: keine Öf";neu;;;;
ChIJa80s_972mkcRn3Yn-MphKrk;Haymer GmbH;Kreuzlingen;8280;2;klein?;TBD (Crawl);?;;;;071 672 89 90;https://www.haymer.ch/;5;1;4;COLD;"Trust 2: 1 Reviews; M1=2: hat Website; M2+1: keine Öffnungsz";neu;;;;
ChIJEQzoH1_2mkcREl6MKNq9OIA;BERTSCHE GmbH - Badausstellung;Konstanz, Deutschland;8467;2;?;TBD (Crawl);?;;;;07531 8929990;https://www.reisser.de/bad/badausstellungen/baden-wuerttemberg/badausstellung-bertsche-konstanz/?mtm_campaign=ExtNet&mtm_source=ExtNet&mtm_medium=organic&mtm_content=B_B001;3.7;23;4;COLD;"Trust 3: 3.7★ × 23 Reviews; M1=2: hat Website; M2+1: erweite";neu;;;;
ChIJn9m-8rH8mkcRLO3frp7o8AA;Aria-Lüftungstechnik AG;Amriswil;8580;2;klein?;TBD (Crawl);?;;;;071 411 24 26;http://www.aria.ch/;4.9;9;4;COLD;"Trust 4: 4.9★ × 9 Reviews; M1=2: hat Website; M2+1: keine Öf";neu;;;;
ChIJo2_D9wPcmkcR9FTu04dg1Zg;Holz-Pelletheizungen Holzbock;Sommeri;8580;2;?;TBD (Crawl);?;;;;076 322 29 13;https://www.atmos-schweiz.ch/de/;4.7;15;4;COLD;"Trust 5: 4.7★ × 15 Reviews; M1=2: hat Website; M2+1: erweite";neu;;;;
ChIJNZ1hT5HkmkcRSqKZ-w9RhGc;Sanitärinstallateur Fitze AG;Zihlschlacht-Sitterdorf;8588;2;klein?;TBD (Crawl);?;;;;079 874 15 80;http://www.ggtechnik.ch/;3;2;4;COLD;"Trust 2: 2 Reviews; M1=2: hat Website; M2+1: keine Öffnungsz";neu;;;;
ChIJo8upM57pmkcRJo8x5jlbn6Q;InnoBAD SWISS AG;Zuzwil;9524;2;klein?;TBD (Crawl);?;;;;071 525 22 03;http://www.innobad.ch/;5;4;4;COLD;"Trust 3: 5★ × 4 Reviews; M1=2: hat Website; M2+1: keine Öffn";neu;;;;
ChIJMyF-1uDxmkcRVHmqRqvrj_E;Moser René AG;Weinfelden;8570;2;klein?;TBD (Crawl);?;;;;071 622 49 35;http://www.moser-haustechnik-ag.ch/;4.4;7;4;COLD;"Trust 4: 4.4★ × 7 Reviews; M1=2: hat Website; M2+1: keine Öf";neu;;;;
ChIJM0L6hozxmkcR2qTpzlyJKhI;BS-Gebäudetechnik GmbH;Weinfelden;8570;2;?;TBD (Crawl);?;;;;076 373 44 99;https://bs-gebaeudetechnik.ch/;;;4;COLD;"Trust 1: auf Maps, 0 Reviews; M1=2: hat Website; M2+1: erwei";neu;;;;
ChIJVVWJKeTxmkcR0D42iDz30hQ;suissetec Thurgau;Weinfelden;8570;2;?;TBD (Crawl);?;;;;071 626 05 25;https://www.suissetec-thurgau.ch/kontakt/impressum;;;4;COLD;"Trust 1: auf Maps, 0 Reviews; M1=2: hat Website; M2+1: keine";neu;;;;
ChIJc-vZsvnxmkcRGln3j7yVzwY;Fels Küchen und Bäder AG;Weinfelden;8570;2;?;TBD (Crawl);?;;;;071 622 75 22;https://felsag.ch/;4.6;24;4;COLD;"⚠ Gewerk prüfen · Trust 5: 4.6★ × 24 Reviews; M1=2: hat Website; M2+1: erweite";neu;;;;
ChIJVauGBiAdm0cRlBE22cs7H9E;Ruedi Ledergerber Sanitäre Anlagen;Arbon;9320;2;klein?;TBD (Crawl);?;;;;071 446 34 89;https://www.dersanitär.ch/;5;4;4;COLD;"Trust 3: 5★ × 4 Reviews; M1=2: hat Website; M2+1: keine Öffn";neu;;;;
ChIJUTGTWpEdm0cRvMtvMEioWQQ;Badstudio Haustechnik Eugster AG;Arbon;9320;2;?;TBD (Crawl);?;;;;071 440 24 14;https://www.haustechnik-eugster.ch/;;;4;COLD;"Trust 1: auf Maps, 0 Reviews; M1=2: hat Website; M2+1: keine";neu;;;;
ChIJ03-ZdAAdm0cRu1no20wwyhk;SanVis;Frasnacht;9320;2;klein?;TBD (Crawl);?;;;;;http://www.sanvis.ch/;5;13;4;COLD;"Trust 5: 5★ × 13 Reviews; M1=2: hat Website; M2+2: Mo-Fr Bür";neu;;;;
ChIJG8dTydkfm0cR616RzcZuBXY;Sira Haustechnik GmbH;Goldach;9403;2;klein?;TBD (Crawl);?;;;;076 515 33 82;http://www.sira-haustechnik.ch/;5;3;4;COLD;"Trust 3: 5★ × 3 Reviews; M1=2: hat Website; M2+1: erweitert,";neu;;;;
ChIJx0nXS3v9mkcRRpyf_kk0pbM;Tilo Worch Badsanierungen;Romanshorn;8590;2;klein?;TBD (Crawl);?;;;;079 440 51 43;https://tiloworch.ch/;5;2;4;COLD;"Trust 2: 2 Reviews; M1=2: hat Website; M2+1: erweitert, nich";neu;;;;
ChIJjd16nl_9mkcRwKMQw2ZDfD0;E-Powerworld;Romanshorn;8590;2;?;TBD (Crawl);?;;;;079 730 93 13;https://e-powerworld.ch/;;;4;COLD;"Trust 1: auf Maps, 0 Reviews; M1=2: hat Website; M2+1: erwei";neu;;;;
ChIJXYpcRlD9mkcR5YVQij7d3no;HUSS - Alles für Ihr Haus;Salmsach;8599;2;klein?;TBD (Crawl);?;;;;076 686 19 88;http://www.hus-s.ch/;5;9;4;COLD;"Trust 4: 5★ × 9 Reviews; M1=2: hat Website; M2+1: erweitert,";neu;;;;
ChIJQ7rzmKBHkEcR-lemfswUQLw;Frank Feyh Plättli-Bäder-Sanitär;Oeschgen;5072;2;klein?;TBD (Crawl);?;;;;079 265 48 17;https://neueskomplettbad.ch/;4.8;9;4;COLD;"Trust 4: 4.8★ × 9 Reviews; M1=2: hat Website; M2+1: erweiter";neu;;;;
ChIJNzS8yPKmmkcRX4n7VbAa2Og;Simon Bauunternehmung, Generalunternehmung;Küsnacht;8700;2;?;TBD (Crawl);?;;;;044 910 34 53;https://www.simon-bau.ch/;5;31;4;COLD;"Trust 5: 5★ × 31 Reviews; M1=2: hat Website; M2+1: erweitert";neu;;;;
ChIJYZbiri7rmkcRuY5TgAkQccE;Sanitär Lenzlinger GmbH;Bichelsee-Balterswil;8363;2;?;TBD (Crawl);?;;;;079 917 55 54;http://www.sanlenz.ch/;4.7;15;4;COLD;"Trust 5: 4.7★ × 15 Reviews; M1=2: hat Website; M2+1: keine Ö";neu;;;;
ChIJ__9vB2qUmkcRyU-PQaSrTfY;Prinzing Haustechnik;Aadorf;8356;2;?;TBD (Crawl);?;;;;079 351 39 72;http://www.dprinzing.ch/;;;4;COLD;"Trust 1: auf Maps, 0 Reviews; M1=2: hat Website; M2+1: keine";neu;;;;
ChIJ5Z6YlsG6mkcR4PNBpOZ5Ye8;Sanitär Trachsel GmbH;Maur;8123;2;?;TBD (Crawl);?;;;;044 980 81 78;http://www.sanitaer-trachsel.ch/;5;125;3;COLD;"Trust 5: 5★ × 125 Reviews; M1=2: hat Website; M2+2: Mo-Fr Bü";neu;;;;
ChIJb9VikM67mkcRombRpCE47IQ;Pello-Tech GmbH;Wetzikon;8620;2;klein?;TBD (Crawl);?;;;;044 545 82 60;https://pello-tech.ch/;5;10;3;COLD;"Trust 5: 5★ × 10 Reviews; M1=2: hat Website; M2+0: 24/7 oder";neu;;;;
ChIJsd7Vag1zkEcRhP9wpgBSd2Y;Bürge Haustechnik AG;Dielsdorf;8157;2;?;TBD (Crawl);?;;;;044 854 89 20;http://www.buerge-haustechnik.ch/;4.9;121;3;COLD;"Trust 5: 4.9★ × 121 Reviews; M1=2: hat Website; M2+2: Mo-Fr ";neu;;;;
ChIJyX0JCYqTmkcRKYbOzICKscw;Heim AG Heizsysteme;Aadorf;8355;2;?;TBD (Crawl);?;;;;052 369 70 90;https://www.heim-ag.ch/heizsysteme/;4.6;167;3;COLD;"Trust 5: 4.6★ × 167 Reviews; M1=2: hat Website; M2+2: Mo-Fr ";neu;;;;
ChIJT5HtuT-nmkcRUbxL3_ub_HM;Terzo Sanitär GmbH;Rümlang;8153;2;?;TBD (Crawl);?;;;;076 589 33 31;https://www.terzosanitaer.ch/;5;109;2;COLD;"Trust 5: 5★ × 109 Reviews; M1=2: hat Website; M2+1: erweiter";neu;;;;
2026-06-16;Meier Tobler Marché Bachenbülach;;;2;klein?;TBD (Crawl);?;;;;Kasernenstrasse 4B, 8184 Bachenbülach;https://www.meiertobler.ch/de/profis?utm_source=gmb&utm_medium=organic&utm_campaign=bachenbuelach;2;4.9;"Trust 4: 4.9★ × 7 Reviews; M1=2: hat Website; M2+2: Mo-Fr Bürozeiten (Lücke abends+Sa/So); Disq: Enterprise/Kette";COLD;7;neu;;;;
ChIJCb26MHmZmkcRpPTnLiUD6h4;Sanitär-Shop Winterthur, Sanitas Troesch;Winterthur;8400;2;?;TBD (Crawl);?;;;;052 269 13 69;https://www.sanitastroesch.ch/shop-winterthur;4.3;42;0;COLD;"Trust 4: 4.3★ × 42 Reviews; M1=2: hat Website; M2+2: Mo-Fr B";neu;;;;
ChIJv5-7Q7eZmkcRgtAwYvJ0ayk;Sanitas Troesch, Küchenausstellung & Badausstellung Winterthur;Winterthur;8404;2;?;TBD (Crawl);?;;;;052 269 13 69;https://www.sanitastroesch.ch/winterthur;4.7;111;0;COLD;"Trust 5: 4.7★ × 111 Reviews; M1=2: hat Website; M2+1: erweit";neu;;;;
ChIJPZjNjUq7mkcR00faGUWT0A4;Sanitär-Shop Uster, Sanitas Troesch;Uster;8610;2;klein?;TBD (Crawl);?;;;;055 225 15 70;https://www.sanitastroesch.ch/shop-uster;4.7;11;0;COLD;"Trust 5: 4.7★ × 11 Reviews; M1=2: hat Website; M2+2: Mo-Fr B";neu;;;;
ChIJ5XzjYlGgmkcRhV59Jo-j6Ls;Fust Küchen und Badezimmer | Ausstellung Wallisellen;Wallisellen;8304;2;?;TBD (Crawl);?;;;;044 839 50 80;https://kuechen-baeder.fust.ch/standort/kuechenausstellung-und-badausstellung-wallisellen/;4.2;216;0;COLD;"⚠ Gewerk prüfen · Trust 4: 4.2★ × 216 Reviews; M1=2: hat Website; M2+1: erweit";neu;;;;
ChIJrchVCLV1kEcRSrg1ggHLYxk;Meier Tobler Marché Bachenbülach;Bachenbülach;8184;2;klein?;TBD (Crawl);?;;;;044 860 71 50;https://www.meiertobler.ch/de/profis?utm_source=gmb&utm_medium=organic&utm_campaign=bachenbuelach;4.9;7;0;COLD;"Trust 4: 4.9★ × 7 Reviews; M1=2: hat Website; M2+2: Mo-Fr Bü";neu;;;;
ChIJ__-PMBCSmkcRQ9WFzo3httI;Fust Küchen und Badezimmer | Ausstellung Frauenfeld;Frauenfeld;8500;2;klein?;TBD (Crawl);?;;;;052 725 01 55;https://kuechen-baeder.fust.ch/standort/kuechenausstellung-und-badausstellung-frauenfeld/;5;5;0;COLD;"⚠ Gewerk prüfen · Trust 4: 5★ × 5 Reviews; M1=2: hat Website; M2+1: erweitert,";neu;;;;
